case_id,pkt_done,case_pass,case_fail,latency_sum,latency_min,latency_max,latency_avg
0,1,1,0,9,9,9,9.0
1,1,1,0,9,9,9,9.0
2,1,1,0,15,15,15,15.0
3,1,1,0,12,12,12,12.0
4,1,1,0,9,9,9,9.0
5,1,1,0,9,9,9,9.0
6,1,1,0,9,9,9,9.0
7,1,1,0,9,9,9,9.0
8,1,1,0,12,12,12,12.0
9,1,1,0,12,12,12,12.0
10,1,1,0,9,9,9,9.0
11,1,1,0,6,6,6,6.0
12,1,1,0,6,6,6,6.0
13,1,1,0,12,12,12,12.0
14,1,1,0,6,6,6,6.0
15,1,1,0,9,9,9,9.0
16,1,1,0,9,9,9,9.0
17,1,1,0,9,9,9,9.0
18,1,1,0,9,9,9,9.0
19,1,1,0,6,6,6,6.0
20,1,1,0,15,15,15,15.0
21,1,1,0,12,12,12,12.0
22,1,1,0,15,15,15,15.0
23,1,1,0,9,9,9,9.0
24,1,1,0,12,12,12,12.0
25,1,1,0,9,9,9,9.0
26,1,1,0,12,12,12,12.0
27,1,1,0,12,12,12,12.0
28,1,1,0,9,9,9,9.0
29,1,1,0,9,9,9,9.0
30,1,1,0,9,9,9,9.0
31,1,1,0,12,12,12,12.0
32,1,1,0,9,9,9,9.0
33,1,1,0,6,6,6,6.0
34,1,1,0,9,9,9,9.0
35,1,1,0,6,6,6,6.0
36,1,1,0,12,12,12,12.0
37,1,1,0,6,6,6,6.0
38,1,1,0,9,9,9,9.0
39,1,1,0,9,9,9,9.0
40,1,1,0,9,9,9,9.0
41,1,1,0,9,9,9,9.0
42,1,1,0,9,9,9,9.0
43,1,1,0,6,6,6,6.0
44,1,1,0,15,15,15,15.0
45,1,1,0,9,9,9,9.0
46,1,1,0,12,12,12,12.0
47,1,1,0,6,6,6,6.0
48,1,1,0,6,6,6,6.0
49,1,1,0,9,9,9,9.0
50,1,1,0,6,6,6,6.0
51,1,1,0,9,9,9,9.0
52,1,1,0,6,6,6,6.0
53,1,1,0,9,9,9,9.0
54,1,1,0,6,6,6,6.0
55,1,1,0,6,6,6,6.0
56,1,1,0,6,6,6,6.0
57,1,1,0,6,6,6,6.0
58,1,1,0,6,6,6,6.0
59,1,1,0,9,9,9,9.0
60,1,1,0,6,6,6,6.0
61,1,1,0,6,6,6,6.0
62,1,1,0,6,6,6,6.0
63,1,1,0,6,6,6,6.0
64,1,1,0,12,12,12,12.0
65,1,1,0,6,6,6,6.0
66,1,1,0,12,12,12,12.0
67,1,1,0,9,9,9,9.0
68,1,1,0,9,9,9,9.0
69,1,1,0,12,12,12,12.0
70,1,1,0,9,9,9,9.0
71,1,1,0,9,9,9,9.0
72,1,1,0,12,12,12,12.0
73,1,1,0,12,12,12,12.0
74,1,1,0,9,9,9,9.0
75,1,1,0,15,15,15,15.0
76,1,1,0,12,12,12,12.0
77,1,1,0,12,12,12,12.0
78,1,1,0,15,15,15,15.0
79,1,1,0,9,9,9,9.0
80,1,1,0,6,6,6,6.0
81,1,1,0,9,9,9,9.0
82,1,1,0,12,12,12,12.0
83,1,1,0,12,12,12,12.0
84,1,1,0,9,9,9,9.0
85,1,1,0,9,9,9,9.0
86,1,1,0,12,12,12,12.0
87,1,1,0,12,12,12,12.0
88,1,1,0,12,12,12,12.0
89,1,1,0,12,12,12,12.0
90,1,1,0,6,6,6,6.0
91,1,1,0,6,6,6,6.0
92,1,1,0,9,9,9,9.0
93,1,1,0,9,9,9,9.0
94,1,1,0,6,6,6,6.0
95,1,1,0,15,15,15,15.0
96,1,1,0,6,6,6,6.0
97,1,1,0,12,12,12,12.0
98,1,1,0,9,9,9,9.0
99,1,1,0,6,6,6,6.0
100,1,1,0,6,6,6,6.0
101,1,1,0,9,9,9,9.0
102,1,1,0,15,15,15,15.0
103,1,1,0,12,12,12,12.0
104,1,1,0,6,6,6,6.0
105,1,1,0,12,12,12,12.0
106,1,1,0,9,9,9,9.0
107,1,1,0,9,9,9,9.0
108,1,1,0,15,15,15,15.0
109,1,1,0,6,6,6,6.0
110,1,1,0,9,9,9,9.0
111,1,1,0,6,6,6,6.0
112,1,1,0,6,6,6,6.0
113,1,1,0,9,9,9,9.0
114,1,1,0,12,12,12,12.0
115,1,1,0,6,6,6,6.0
116,1,1,0,6,6,6,6.0
117,1,1,0,6,6,6,6.0
118,1,1,0,12,12,12,12.0
119,1,1,0,6,6,6,6.0
120,1,1,0,9,9,9,9.0
121,1,1,0,9,9,9,9.0
122,1,1,0,15,15,15,15.0
123,1,1,0,12,12,12,12.0
124,1,1,0,9,9,9,9.0
125,1,1,0,12,12,12,12.0
126,1,1,0,12,12,12,12.0
127,1,1,0,9,9,9,9.0
128,1,1,0,12,12,12,12.0
129,1,1,0,9,9,9,9.0
130,1,1,0,9,9,9,9.0
131,1,1,0,6,6,6,6.0
132,1,1,0,12,12,12,12.0
133,1,1,0,9,9,9,9.0
134,1,1,0,12,12,12,12.0
135,1,1,0,9,9,9,9.0
136,1,1,0,6,6,6,6.0
137,1,1,0,6,6,6,6.0
138,1,1,0,9,9,9,9.0
139,1,1,0,12,12,12,12.0
140,1,1,0,9,9,9,9.0
141,1,1,0,9,9,9,9.0
142,1,1,0,6,6,6,6.0
143,1,1,0,15,15,15,15.0
144,1,1,0,9,9,9,9.0
145,1,1,0,6,6,6,6.0
146,1,1,0,12,12,12,12.0
147,1,1,0,12,12,12,12.0
148,1,1,0,9,9,9,9.0
149,1,1,0,15,15,15,15.0
150,1,1,0,9,9,9,9.0
151,1,1,0,9,9,9,9.0
152,1,1,0,9,9,9,9.0
153,1,1,0,6,6,6,6.0
154,1,1,0,9,9,9,9.0
155,1,1,0,9,9,9,9.0
156,1,1,0,12,12,12,12.0
157,1,1,0,12,12,12,12.0
158,1,1,0,9,9,9,9.0
159,1,1,0,9,9,9,9.0
160,1,1,0,9,9,9,9.0
161,1,1,0,9,9,9,9.0
162,1,1,0,9,9,9,9.0
163,1,1,0,9,9,9,9.0
164,1,1,0,9,9,9,9.0
165,1,1,0,12,12,12,12.0
166,1,1,0,9,9,9,9.0
167,1,1,0,9,9,9,9.0
168,1,1,0,12,12,12,12.0
169,1,1,0,12,12,12,12.0
170,1,1,0,9,9,9,9.0
171,1,1,0,9,9,9,9.0
172,1,1,0,6,6,6,6.0
173,1,1,0,9,9,9,9.0
174,1,1,0,9,9,9,9.0
175,1,1,0,9,9,9,9.0
176,1,1,0,12,12,12,12.0
177,1,1,0,9,9,9,9.0
178,1,1,0,6,6,6,6.0
179,1,1,0,9,9,9,9.0
180,1,1,0,6,6,6,6.0
181,1,1,0,9,9,9,9.0
182,1,1,0,9,9,9,9.0
183,1,1,0,9,9,9,9.0
184,1,1,0,9,9,9,9.0
185,1,1,0,6,6,6,6.0
186,1,1,0,12,12,12,12.0
187,1,1,0,9,9,9,9.0
188,1,1,0,9,9,9,9.0
189,1,1,0,6,6,6,6.0
190,1,1,0,12,12,12,12.0
191,1,1,0,9,9,9,9.0
192,1,1,0,9,9,9,9.0
193,1,1,0,6,6,6,6.0
194,1,1,0,12,12,12,12.0
195,1,1,0,9,9,9,9.0
196,1,1,0,9,9,9,9.0
197,1,1,0,9,9,9,9.0
198,1,1,0,12,12,12,12.0
199,1,1,0,6,6,6,6.0
200,1,1,0,6,6,6,6.0
201,1,1,0,12,12,12,12.0
202,1,1,0,9,9,9,9.0
203,1,1,0,6,6,6,6.0
204,1,1,0,9,9,9,9.0
205,1,1,0,9,9,9,9.0
206,1,1,0,6,6,6,6.0
207,1,1,0,9,9,9,9.0
208,1,1,0,9,9,9,9.0
209,1,1,0,9,9,9,9.0
210,1,1,0,9,9,9,9.0
211,1,1,0,12,12,12,12.0
212,1,1,0,15,15,15,15.0
213,1,1,0,6,6,6,6.0
214,1,1,0,12,12,12,12.0
215,1,1,0,12,12,12,12.0
216,1,1,0,9,9,9,9.0
217,1,1,0,6,6,6,6.0
218,1,1,0,6,6,6,6.0
219,1,1,0,6,6,6,6.0
220,1,1,0,6,6,6,6.0
221,1,1,0,9,9,9,9.0
222,1,1,0,6,6,6,6.0
223,1,1,0,9,9,9,9.0
224,1,1,0,6,6,6,6.0
225,1,1,0,9,9,9,9.0
226,1,1,0,9,9,9,9.0
227,1,1,0,12,12,12,12.0
228,1,1,0,12,12,12,12.0
229,1,1,0,9,9,9,9.0
230,1,1,0,6,6,6,6.0
231,1,1,0,12,12,12,12.0
232,1,1,0,9,9,9,9.0
233,1,1,0,9,9,9,9.0
234,1,1,0,12,12,12,12.0
235,1,1,0,9,9,9,9.0
236,1,1,0,9,9,9,9.0
237,1,1,0,12,12,12,12.0
238,1,1,0,12,12,12,12.0
239,1,1,0,9,9,9,9.0
240,1,1,0,6,6,6,6.0
241,1,1,0,9,9,9,9.0
242,1,1,0,6,6,6,6.0
243,1,1,0,6,6,6,6.0
244,1,1,0,6,6,6,6.0
245,1,1,0,9,9,9,9.0
246,1,1,0,9,9,9,9.0
247,1,1,0,6,6,6,6.0
248,1,1,0,9,9,9,9.0
249,1,1,0,9,9,9,9.0
250,1,1,0,9,9,9,9.0
251,1,1,0,6,6,6,6.0
252,1,1,0,9,9,9,9.0
253,1,1,0,6,6,6,6.0
254,1,1,0,6,6,6,6.0
255,1,1,0,12,12,12,12.0
256,1,1,0,12,12,12,12.0
257,1,1,0,9,9,9,9.0
258,1,1,0,6,6,6,6.0
259,1,1,0,12,12,12,12.0
260,1,1,0,9,9,9,9.0
261,1,1,0,6,6,6,6.0
262,1,1,0,6,6,6,6.0
263,1,1,0,6,6,6,6.0
264,1,1,0,9,9,9,9.0
265,1,1,0,6,6,6,6.0
266,1,1,0,12,12,12,12.0
267,1,1,0,15,15,15,15.0
268,1,1,0,6,6,6,6.0
269,1,1,0,12,12,12,12.0
270,1,1,0,6,6,6,6.0
271,1,1,0,6,6,6,6.0
272,1,1,0,15,15,15,15.0
273,1,1,0,6,6,6,6.0
274,1,1,0,9,9,9,9.0
275,1,1,0,12,12,12,12.0
276,1,1,0,9,9,9,9.0
277,1,1,0,12,12,12,12.0
278,1,1,0,12,12,12,12.0
279,1,1,0,9,9,9,9.0
280,1,1,0,6,6,6,6.0
281,1,1,0,12,12,12,12.0
282,1,1,0,15,15,15,15.0
283,1,1,0,9,9,9,9.0
284,1,1,0,12,12,12,12.0
285,1,1,0,9,9,9,9.0
286,1,1,0,6,6,6,6.0
287,1,1,0,12,12,12,12.0
288,1,1,0,12,12,12,12.0
289,1,1,0,9,9,9,9.0
290,1,1,0,15,15,15,15.0
291,1,1,0,12,12,12,12.0
292,1,1,0,9,9,9,9.0
293,1,1,0,12,12,12,12.0
294,1,1,0,12,12,12,12.0
295,1,1,0,6,6,6,6.0
296,1,1,0,6,6,6,6.0
297,1,1,0,6,6,6,6.0
298,1,1,0,6,6,6,6.0
299,1,1,0,6,6,6,6.0
300,1,1,0,12,12,12,12.0
301,1,1,0,9,9,9,9.0
302,1,1,0,9,9,9,9.0
303,1,1,0,9,9,9,9.0
304,1,1,0,9,9,9,9.0
305,1,1,0,6,6,6,6.0
306,1,1,0,9,9,9,9.0
307,1,1,0,6,6,6,6.0
308,1,1,0,6,6,6,6.0
309,1,1,0,9,9,9,9.0
310,1,1,0,12,12,12,12.0
311,1,1,0,9,9,9,9.0
312,1,1,0,6,6,6,6.0
313,1,1,0,12,12,12,12.0
314,1,1,0,6,6,6,6.0
315,1,1,0,9,9,9,9.0
316,1,1,0,6,6,6,6.0
317,1,1,0,9,9,9,9.0
318,1,1,0,12,12,12,12.0
319,1,1,0,9,9,9,9.0
320,1,1,0,9,9,9,9.0
321,1,1,0,6,6,6,6.0
322,1,1,0,9,9,9,9.0
323,1,1,0,9,9,9,9.0
324,1,1,0,9,9,9,9.0
325,1,1,0,6,6,6,6.0
326,1,1,0,6,6,6,6.0
327,1,1,0,9,9,9,9.0
328,1,1,0,15,15,15,15.0
329,1,1,0,12,12,12,12.0
330,1,1,0,12,12,12,12.0
331,1,1,0,9,9,9,9.0
332,1,1,0,6,6,6,6.0
333,1,1,0,6,6,6,6.0
334,1,1,0,6,6,6,6.0
335,1,1,0,9,9,9,9.0
336,1,1,0,9,9,9,9.0
337,1,1,0,6,6,6,6.0
338,1,1,0,9,9,9,9.0
339,1,1,0,6,6,6,6.0
340,1,1,0,12,12,12,12.0
341,1,1,0,6,6,6,6.0
342,1,1,0,12,12,12,12.0
343,1,1,0,12,12,12,12.0
344,1,1,0,12,12,12,12.0
345,1,1,0,9,9,9,9.0
346,1,1,0,9,9,9,9.0
347,1,1,0,15,15,15,15.0
348,1,1,0,12,12,12,12.0
349,1,1,0,9,9,9,9.0
350,1,1,0,9,9,9,9.0
351,1,1,0,9,9,9,9.0
352,1,1,0,12,12,12,12.0
353,1,1,0,12,12,12,12.0
354,1,1,0,12,12,12,12.0
355,1,1,0,6,6,6,6.0
356,1,1,0,15,15,15,15.0
357,1,1,0,6,6,6,6.0
358,1,1,0,9,9,9,9.0
359,1,1,0,12,12,12,12.0
360,1,1,0,6,6,6,6.0
361,1,1,0,6,6,6,6.0
362,1,1,0,12,12,12,12.0
363,1,1,0,9,9,9,9.0
364,1,1,0,15,15,15,15.0
365,1,1,0,9,9,9,9.0
366,1,1,0,6,6,6,6.0
367,1,1,0,6,6,6,6.0
368,1,1,0,9,9,9,9.0
369,1,1,0,9,9,9,9.0
370,1,1,0,6,6,6,6.0
371,1,1,0,6,6,6,6.0
372,1,1,0,9,9,9,9.0
373,1,1,0,15,15,15,15.0
374,1,1,0,12,12,12,12.0
375,1,1,0,9,9,9,9.0
376,1,1,0,12,12,12,12.0
377,1,1,0,9,9,9,9.0
378,1,1,0,6,6,6,6.0
379,1,1,0,12,12,12,12.0
380,1,1,0,15,15,15,15.0
381,1,1,0,15,15,15,15.0
382,1,1,0,12,12,12,12.0
383,1,1,0,6,6,6,6.0
384,1,1,0,6,6,6,6.0
385,1,1,0,12,12,12,12.0
386,1,1,0,9,9,9,9.0
387,1,1,0,9,9,9,9.0
388,1,1,0,15,15,15,15.0
389,1,1,0,9,9,9,9.0
390,1,1,0,6,6,6,6.0
391,1,1,0,6,6,6,6.0
392,1,1,0,9,9,9,9.0
393,1,1,0,9,9,9,9.0
394,1,1,0,9,9,9,9.0
395,1,1,0,12,12,12,12.0
396,1,1,0,12,12,12,12.0
397,1,1,0,6,6,6,6.0
398,1,1,0,9,9,9,9.0
399,1,1,0,9,9,9,9.0
400,1,1,0,12,12,12,12.0
401,1,1,0,6,6,6,6.0
402,1,1,0,6,6,6,6.0
403,1,1,0,6,6,6,6.0
404,1,1,0,15,15,15,15.0
405,1,1,0,9,9,9,9.0
406,1,1,0,12,12,12,12.0
407,1,1,0,15,15,15,15.0
408,1,1,0,12,12,12,12.0
409,1,1,0,6,6,6,6.0
410,1,1,0,12,12,12,12.0
411,1,1,0,12,12,12,12.0
412,1,1,0,6,6,6,6.0
413,1,1,0,9,9,9,9.0
414,1,1,0,6,6,6,6.0
415,1,1,0,12,12,12,12.0
416,1,1,0,9,9,9,9.0
417,1,1,0,6,6,6,6.0
418,1,1,0,9,9,9,9.0
419,1,1,0,6,6,6,6.0
420,1,1,0,12,12,12,12.0
421,1,1,0,9,9,9,9.0
422,1,1,0,9,9,9,9.0
423,1,1,0,15,15,15,15.0
424,1,1,0,9,9,9,9.0
425,1,1,0,9,9,9,9.0
426,1,1,0,9,9,9,9.0
427,1,1,0,12,12,12,12.0
428,1,1,0,6,6,6,6.0
429,1,1,0,6,6,6,6.0
430,1,1,0,12,12,12,12.0
431,1,1,0,6,6,6,6.0
432,1,1,0,12,12,12,12.0
433,1,1,0,9,9,9,9.0
434,1,1,0,9,9,9,9.0
435,1,1,0,6,6,6,6.0
436,1,1,0,9,9,9,9.0
437,1,1,0,9,9,9,9.0
438,1,1,0,12,12,12,12.0
439,1,1,0,12,12,12,12.0
440,1,1,0,9,9,9,9.0
441,1,1,0,12,12,12,12.0
442,1,1,0,6,6,6,6.0
443,1,1,0,12,12,12,12.0
444,1,1,0,6,6,6,6.0
445,1,1,0,9,9,9,9.0
446,1,1,0,9,9,9,9.0
447,1,1,0,9,9,9,9.0
448,1,1,0,9,9,9,9.0
449,1,1,0,6,6,6,6.0
450,1,1,0,12,12,12,12.0
451,1,1,0,9,9,9,9.0
452,1,1,0,9,9,9,9.0
453,1,1,0,6,6,6,6.0
454,1,1,0,9,9,9,9.0
455,1,1,0,6,6,6,6.0
456,1,1,0,6,6,6,6.0
457,1,1,0,12,12,12,12.0
458,1,1,0,12,12,12,12.0
459,1,1,0,6,6,6,6.0
460,1,1,0,12,12,12,12.0
461,1,1,0,9,9,9,9.0
462,1,1,0,15,15,15,15.0
463,1,1,0,9,9,9,9.0
464,1,1,0,9,9,9,9.0
465,1,1,0,6,6,6,6.0
466,1,1,0,9,9,9,9.0
467,1,1,0,12,12,12,12.0
468,1,1,0,6,6,6,6.0
469,1,1,0,15,15,15,15.0
470,1,1,0,6,6,6,6.0
471,1,1,0,6,6,6,6.0
472,1,1,0,12,12,12,12.0
473,1,1,0,6,6,6,6.0
474,1,1,0,15,15,15,15.0
475,1,1,0,6,6,6,6.0
476,1,1,0,12,12,12,12.0
477,1,1,0,9,9,9,9.0
478,1,1,0,9,9,9,9.0
479,1,1,0,9,9,9,9.0
480,1,1,0,12,12,12,12.0
481,1,1,0,12,12,12,12.0
482,1,1,0,9,9,9,9.0
483,1,1,0,9,9,9,9.0
484,1,1,0,9,9,9,9.0
485,1,1,0,9,9,9,9.0
486,1,1,0,9,9,9,9.0
487,1,1,0,9,9,9,9.0
488,1,1,0,9,9,9,9.0
489,1,1,0,9,9,9,9.0
490,1,1,0,6,6,6,6.0
491,1,1,0,6,6,6,6.0
492,1,1,0,9,9,9,9.0
493,1,1,0,6,6,6,6.0
494,1,1,0,6,6,6,6.0
495,1,1,0,9,9,9,9.0
496,1,1,0,12,12,12,12.0
497,1,1,0,12,12,12,12.0
498,1,1,0,6,6,6,6.0
499,1,1,0,9,9,9,9.0
500,2,2,0,24,12,12,12.0
501,2,2,0,18,6,12,9.0
502,2,2,0,18,6,12,9.0
503,2,2,0,15,6,9,7.5
504,2,2,0,12,6,6,6.0
505,2,2,0,27,12,15,13.5
506,2,2,0,18,6,12,9.0
507,2,2,0,12,6,6,6.0
508,2,2,0,24,9,15,12.0
509,2,2,0,15,6,9,7.5
510,2,2,0,27,12,15,13.5
511,2,2,0,18,6,12,9.0
512,2,2,0,18,9,9,9.0
513,2,2,0,18,9,9,9.0
514,2,2,0,15,6,9,7.5
515,2,2,0,18,6,12,9.0
516,2,2,0,12,6,6,6.0
517,2,2,0,18,6,12,9.0
518,2,2,0,12,6,6,6.0
519,2,2,0,15,6,9,7.5
520,2,2,0,15,6,9,7.5
521,2,2,0,15,6,9,7.5
522,2,2,0,15,6,9,7.5
523,2,2,0,12,6,6,6.0
524,2,2,0,15,6,9,7.5
525,2,2,0,12,6,6,6.0
526,2,2,0,24,12,12,12.0
527,2,2,0,21,9,12,10.5
528,2,2,0,21,9,12,10.5
529,2,2,0,15,6,9,7.5
530,2,2,0,18,9,9,9.0
531,2,2,0,18,6,12,9.0
532,2,2,0,18,6,12,9.0
533,2,2,0,15,6,9,7.5
534,2,2,0,15,6,9,7.5
535,2,2,0,18,6,12,9.0
536,2,2,0,18,9,9,9.0
537,2,2,0,24,12,12,12.0
538,2,2,0,15,6,9,7.5
539,2,2,0,15,6,9,7.5
540,2,2,0,15,6,9,7.5
541,2,2,0,21,9,12,10.5
542,2,2,0,24,12,12,12.0
543,2,2,0,15,6,9,7.5
544,2,2,0,22,10,12,11.0
545,2,2,0,12,6,6,6.0
546,2,2,0,15,6,9,7.5
547,2,2,0,21,9,12,10.5
548,2,2,0,21,9,12,10.5
549,2,2,0,15,6,9,7.5
550,2,2,0,24,9,15,12.0
551,2,2,0,13,6,7,6.5
552,2,2,0,18,6,12,9.0
553,2,2,0,18,9,9,9.0
554,2,2,0,15,6,9,7.5
555,2,2,0,24,12,12,12.0
556,2,2,0,21,9,12,10.5
557,2,2,0,15,6,9,7.5
558,2,2,0,18,6,12,9.0
559,2,2,0,24,12,12,12.0
560,2,2,0,15,6,9,7.5
561,2,2,0,24,12,12,12.0
562,2,2,0,15,6,9,7.5
563,2,2,0,12,6,6,6.0
564,2,2,0,15,6,9,7.5
565,2,2,0,18,6,12,9.0
566,2,2,0,15,6,9,7.5
567,2,2,0,15,6,9,7.5
568,2,2,0,21,9,12,10.5
569,2,2,0,18,9,9,9.0
570,2,2,0,24,12,12,12.0
571,2,2,0,12,6,6,6.0
572,2,2,0,18,9,9,9.0
573,2,2,0,21,9,12,10.5
574,2,2,0,27,12,15,13.5
575,2,2,0,21,9,12,10.5
576,2,2,0,21,9,12,10.5
577,2,2,0,15,6,9,7.5
578,2,2,0,15,6,9,7.5
579,2,2,0,15,6,9,7.5
580,2,2,0,18,6,12,9.0
581,2,2,0,21,9,12,10.5
582,2,2,0,15,6,9,7.5
583,2,2,0,18,9,9,9.0
584,2,2,0,21,9,12,10.5
585,2,2,0,12,6,6,6.0
586,2,2,0,21,9,12,10.5
587,2,2,0,15,6,9,7.5
588,2,2,0,24,12,12,12.0
589,2,2,0,18,6,12,9.0
590,2,2,0,15,6,9,7.5
591,2,2,0,12,6,6,6.0
592,2,2,0,15,6,9,7.5
593,2,2,0,15,6,9,7.5
594,2,2,0,24,9,15,12.0
595,2,2,0,18,9,9,9.0
596,2,2,0,12,6,6,6.0
597,2,2,0,21,6,15,10.5
598,2,2,0,18,6,12,9.0
599,2,2,0,27,12,15,13.5
600,2,2,0,18,6,12,9.0
601,2,2,0,21,9,12,10.5
602,2,2,0,18,6,12,9.0
603,2,2,0,24,9,15,12.0
604,2,2,0,21,9,12,10.5
605,2,2,0,21,9,12,10.5
606,2,2,0,15,6,9,7.5
607,2,2,0,18,9,9,9.0
608,2,2,0,18,6,12,9.0
609,2,2,0,15,6,9,7.5
610,2,2,0,18,6,12,9.0
611,2,2,0,15,6,9,7.5
612,2,2,0,12,6,6,6.0
613,2,2,0,24,9,15,12.0
614,2,2,0,24,9,15,12.0
615,2,2,0,18,9,9,9.0
616,2,2,0,21,9,12,10.5
617,2,2,0,21,6,15,10.5
618,2,2,0,18,6,12,9.0
619,2,2,0,12,6,6,6.0
620,2,2,0,24,12,12,12.0
621,2,2,0,15,6,9,7.5
622,2,2,0,18,9,9,9.0
623,2,2,0,18,9,9,9.0
624,2,2,0,12,6,6,6.0
625,2,2,0,18,6,12,9.0
626,2,2,0,18,9,9,9.0
627,2,2,0,21,9,12,10.5
628,2,2,0,15,6,9,7.5
629,2,2,0,12,6,6,6.0
630,2,2,0,21,9,12,10.5
631,2,2,0,15,6,9,7.5
632,2,2,0,21,9,12,10.5
633,2,2,0,15,6,9,7.5
634,2,2,0,15,6,9,7.5
635,2,2,0,21,9,12,10.5
636,2,2,0,24,12,12,12.0
637,2,2,0,21,9,12,10.5
638,2,2,0,15,6,9,7.5
639,2,2,0,18,9,9,9.0
640,2,2,0,18,6,12,9.0
641,2,2,0,21,9,12,10.5
642,2,2,0,21,9,12,10.5
643,2,2,0,12,6,6,6.0
644,2,2,0,18,6,12,9.0
645,2,2,0,12,6,6,6.0
646,2,2,0,15,6,9,7.5
647,2,2,0,18,6,12,9.0
648,2,2,0,18,9,9,9.0
649,2,2,0,15,6,9,7.5
650,2,2,0,15,6,9,7.5
651,2,2,0,21,9,12,10.5
652,2,2,0,15,6,9,7.5
653,2,2,0,15,6,9,7.5
654,2,2,0,18,9,9,9.0
655,2,2,0,15,6,9,7.5
656,2,2,0,15,6,9,7.5
657,2,2,0,18,6,12,9.0
658,2,2,0,19,9,10,9.5
659,2,2,0,12,6,6,6.0
660,2,2,0,18,9,9,9.0
661,2,2,0,24,12,12,12.0
662,2,2,0,15,6,9,7.5
663,2,2,0,21,9,12,10.5
664,2,2,0,18,9,9,9.0
665,2,2,0,21,6,15,10.5
666,2,2,0,24,9,15,12.0
667,2,2,0,15,6,9,7.5
668,2,2,0,21,9,12,10.5
669,2,2,0,15,6,9,7.5
670,2,2,0,24,9,15,12.0
671,2,2,0,15,6,9,7.5
672,2,2,0,24,9,15,12.0
673,2,2,0,15,6,9,7.5
674,2,2,0,12,6,6,6.0
675,2,2,0,18,9,9,9.0
676,2,2,0,21,9,12,10.5
677,2,2,0,24,12,12,12.0
678,2,2,0,18,9,9,9.0
679,2,2,0,18,9,9,9.0
680,2,2,0,27,12,15,13.5
681,2,2,0,12,6,6,6.0
682,2,2,0,18,6,12,9.0
683,2,2,0,18,6,12,9.0
684,2,2,0,15,6,9,7.5
685,2,2,0,15,6,9,7.5
686,2,2,0,15,6,9,7.5
687,2,2,0,21,6,15,10.5
688,2,2,0,15,6,9,7.5
689,2,2,0,15,6,9,7.5
690,2,2,0,21,9,12,10.5
691,2,2,0,18,6,12,9.0
692,2,2,0,21,9,12,10.5
693,2,2,0,18,9,9,9.0
694,2,2,0,18,6,12,9.0
695,2,2,0,18,6,12,9.0
696,2,2,0,12,6,6,6.0
697,2,2,0,21,9,12,10.5
698,2,2,0,21,9,12,10.5
699,2,2,0,18,6,12,9.0
700,2,2,0,21,9,12,10.5
701,2,2,0,15,6,9,7.5
702,2,2,0,27,12,15,13.5
703,2,2,0,18,9,9,9.0
704,2,2,0,21,9,12,10.5
705,2,2,0,18,6,12,9.0
706,2,2,0,15,6,9,7.5
707,2,2,0,18,6,12,9.0
708,2,2,0,15,6,9,7.5
709,2,2,0,15,6,9,7.5
710,2,2,0,15,6,9,7.5
711,2,2,0,15,6,9,7.5
712,2,2,0,18,9,9,9.0
713,2,2,0,12,6,6,6.0
714,2,2,0,18,6,12,9.0
715,2,2,0,15,6,9,7.5
716,2,2,0,18,6,12,9.0
717,2,2,0,12,6,6,6.0
718,2,2,0,15,6,9,7.5
719,2,2,0,18,6,12,9.0
720,2,2,0,18,9,9,9.0
721,2,2,0,18,6,12,9.0
722,2,2,0,18,9,9,9.0
723,2,2,0,15,6,9,7.5
724,2,2,0,18,9,9,9.0
725,2,2,0,15,6,9,7.5
726,2,2,0,18,6,12,9.0
727,2,2,0,18,9,9,9.0
728,2,2,0,15,6,9,7.5
729,2,2,0,15,6,9,7.5
730,2,2,0,15,6,9,7.5
731,2,2,0,18,6,12,9.0
732,2,2,0,12,6,6,6.0
733,2,2,0,24,9,15,12.0
734,2,2,0,24,12,12,12.0
735,2,2,0,15,6,9,7.5
736,2,2,0,18,6,12,9.0
737,2,2,0,18,6,12,9.0
738,2,2,0,15,6,9,7.5
739,2,2,0,24,9,15,12.0
740,2,2,0,15,6,9,7.5
741,2,2,0,15,6,9,7.5
742,2,2,0,15,6,9,7.5
743,2,2,0,15,6,9,7.5
744,2,2,0,21,9,12,10.5
745,2,2,0,24,9,15,12.0
746,2,2,0,18,9,9,9.0
747,2,2,0,15,6,9,7.5
748,2,2,0,24,9,15,12.0
749,2,2,0,18,9,9,9.0
750,2,2,0,15,6,9,7.5
751,2,2,0,18,6,12,9.0
752,2,2,0,15,6,9,7.5
753,2,2,0,21,9,12,10.5
754,2,2,0,21,9,12,10.5
755,2,2,0,15,6,9,7.5
756,2,2,0,21,9,12,10.5
757,2,2,0,21,9,12,10.5
758,2,2,0,15,6,9,7.5
759,2,2,0,15,6,9,7.5
760,2,2,0,18,6,12,9.0
761,2,2,0,15,6,9,7.5
762,2,2,0,18,9,9,9.0
763,2,2,0,18,6,12,9.0
764,2,2,0,15,6,9,7.5
765,2,2,0,21,6,15,10.5
766,2,2,0,15,6,9,7.5
767,2,2,0,18,6,12,9.0
768,2,2,0,18,6,12,9.0
769,2,2,0,15,6,9,7.5
770,2,2,0,15,6,9,7.5
771,2,2,0,19,9,10,9.5
772,2,2,0,12,6,6,6.0
773,2,2,0,18,9,9,9.0
774,2,2,0,15,6,9,7.5
775,2,2,0,21,6,15,10.5
776,2,2,0,21,6,15,10.5
777,2,2,0,15,6,9,7.5
778,2,2,0,15,6,9,7.5
779,2,2,0,12,6,6,6.0
780,2,2,0,15,6,9,7.5
781,2,2,0,12,6,6,6.0
782,2,2,0,21,9,12,10.5
783,2,2,0,21,9,12,10.5
784,2,2,0,21,6,15,10.5
785,2,2,0,18,9,9,9.0
786,2,2,0,18,9,9,9.0
787,2,2,0,18,9,9,9.0
788,2,2,0,21,9,12,10.5
789,2,2,0,18,9,9,9.0
790,2,2,0,15,6,9,7.5
791,2,2,0,15,6,9,7.5
792,2,2,0,15,6,9,7.5
793,2,2,0,12,6,6,6.0
794,2,2,0,24,12,12,12.0
795,2,2,0,15,6,9,7.5
796,2,2,0,12,6,6,6.0
797,2,2,0,18,9,9,9.0
798,2,2,0,15,6,9,7.5
799,2,2,0,21,6,15,10.5
800,2,2,0,15,6,9,7.5
801,2,2,0,18,6,12,9.0
802,2,2,0,12,6,6,6.0
803,2,2,0,21,9,12,10.5
804,2,2,0,12,6,6,6.0
805,2,2,0,21,9,12,10.5
806,2,2,0,12,6,6,6.0
807,2,2,0,24,9,15,12.0
808,2,2,0,27,12,15,13.5
809,2,2,0,21,9,12,10.5
810,2,2,0,15,6,9,7.5
811,2,2,0,18,6,12,9.0
812,2,2,0,18,6,12,9.0
813,2,2,0,15,6,9,7.5
814,2,2,0,15,6,9,7.5
815,2,2,0,15,6,9,7.5
816,2,2,0,18,9,9,9.0
817,2,2,0,21,9,12,10.5
818,2,2,0,18,6,12,9.0
819,2,2,0,15,6,9,7.5
820,2,2,0,21,9,12,10.5
821,2,2,0,15,6,9,7.5
822,2,2,0,18,6,12,9.0
823,2,2,0,24,9,15,12.0
824,2,2,0,24,12,12,12.0
825,2,2,0,15,6,9,7.5
826,2,2,0,15,6,9,7.5
827,2,2,0,21,9,12,10.5
828,2,2,0,15,6,9,7.5
829,2,2,0,21,9,12,10.5
830,2,2,0,15,6,9,7.5
831,2,2,0,18,9,9,9.0
832,2,2,0,18,9,9,9.0
833,2,2,0,21,9,12,10.5
834,2,2,0,12,6,6,6.0
835,2,2,0,24,9,15,12.0
836,2,2,0,15,6,9,7.5
837,2,2,0,21,6,15,10.5
838,2,2,0,21,9,12,10.5
839,2,2,0,24,12,12,12.0
840,2,2,0,24,9,15,12.0
841,2,2,0,27,12,15,13.5
842,2,2,0,15,6,9,7.5
843,2,2,0,15,6,9,7.5
844,2,2,0,21,9,12,10.5
845,2,2,0,18,9,9,9.0
846,2,2,0,15,6,9,7.5
847,2,2,0,18,9,9,9.0
848,2,2,0,18,9,9,9.0
849,2,2,0,21,9,12,10.5
850,2,2,0,21,9,12,10.5
851,2,2,0,12,6,6,6.0
852,2,2,0,18,9,9,9.0
853,2,2,0,18,9,9,9.0
854,2,2,0,21,9,12,10.5
855,2,2,0,12,6,6,6.0
856,2,2,0,24,12,12,12.0
857,2,2,0,15,6,9,7.5
858,2,2,0,18,6,12,9.0
859,2,2,0,15,6,9,7.5
860,2,2,0,24,12,12,12.0
861,2,2,0,21,9,12,10.5
862,2,2,0,12,6,6,6.0
863,2,2,0,18,6,12,9.0
864,2,2,0,24,12,12,12.0
865,2,2,0,15,6,9,7.5
866,2,2,0,27,12,15,13.5
867,2,2,0,15,6,9,7.5
868,2,2,0,15,6,9,7.5
869,2,2,0,15,6,9,7.5
870,2,2,0,15,6,9,7.5
871,2,2,0,15,6,9,7.5
872,2,2,0,18,6,12,9.0
873,2,2,0,18,9,9,9.0
874,2,2,0,15,6,9,7.5
875,2,2,0,18,6,12,9.0
876,2,2,0,15,6,9,7.5
877,2,2,0,15,6,9,7.5
878,2,2,0,21,9,12,10.5
879,2,2,0,15,6,9,7.5
880,2,2,0,18,6,12,9.0
881,2,2,0,21,6,15,10.5
882,2,2,0,15,6,9,7.5
883,2,2,0,18,9,9,9.0
884,2,2,0,24,12,12,12.0
885,2,2,0,12,6,6,6.0
886,2,2,0,12,6,6,6.0
887,2,2,0,15,6,9,7.5
888,2,2,0,18,9,9,9.0
889,2,2,0,18,6,12,9.0
890,2,2,0,24,9,15,12.0
891,2,2,0,18,9,9,9.0
892,2,2,0,19,9,10,9.5
893,2,2,0,18,9,9,9.0
894,2,2,0,18,6,12,9.0
895,2,2,0,24,9,15,12.0
896,2,2,0,18,9,9,9.0
897,2,2,0,15,6,9,7.5
898,2,2,0,15,6,9,7.5
899,2,2,0,18,9,9,9.0
900,2,2,0,27,12,15,13.5
901,2,2,0,15,6,9,7.5
902,2,2,0,15,6,9,7.5
903,2,2,0,15,6,9,7.5
904,2,2,0,12,6,6,6.0
905,2,2,0,15,6,9,7.5
906,2,2,0,15,6,9,7.5
907,2,2,0,21,9,12,10.5
908,2,2,0,15,6,9,7.5
909,2,2,0,24,9,15,12.0
910,2,2,0,18,9,9,9.0
911,2,2,0,19,9,10,9.5
912,2,2,0,15,6,9,7.5
913,2,2,0,24,9,15,12.0
914,2,2,0,15,6,9,7.5
915,2,2,0,12,6,6,6.0
916,2,2,0,18,9,9,9.0
917,2,2,0,21,9,12,10.5
918,2,2,0,21,9,12,10.5
919,2,2,0,24,12,12,12.0
920,2,2,0,21,9,12,10.5
921,2,2,0,18,9,9,9.0
922,2,2,0,21,9,12,10.5
923,2,2,0,15,6,9,7.5
924,2,2,0,15,6,9,7.5
925,2,2,0,19,9,10,9.5
926,2,2,0,15,6,9,7.5
927,2,2,0,15,6,9,7.5
928,2,2,0,18,6,12,9.0
929,2,2,0,18,6,12,9.0
930,2,2,0,15,6,9,7.5
931,2,2,0,18,6,12,9.0
932,2,2,0,18,9,9,9.0
933,2,2,0,12,6,6,6.0
934,2,2,0,19,9,10,9.5
935,2,2,0,18,9,9,9.0
936,2,2,0,15,6,9,7.5
937,2,2,0,27,12,15,13.5
938,2,2,0,15,6,9,7.5
939,2,2,0,18,6,12,9.0
940,2,2,0,24,12,12,12.0
941,2,2,0,18,6,12,9.0
942,2,2,0,27,12,15,13.5
943,2,2,0,12,6,6,6.0
944,2,2,0,15,6,9,7.5
945,2,2,0,18,9,9,9.0
946,2,2,0,15,6,9,7.5
947,2,2,0,18,6,12,9.0
948,2,2,0,15,6,9,7.5
949,2,2,0,12,6,6,6.0
950,2,2,0,15,6,9,7.5
951,2,2,0,21,9,12,10.5
952,2,2,0,18,9,9,9.0
953,2,2,0,12,6,6,6.0
954,2,2,0,18,6,12,9.0
955,2,2,0,18,6,12,9.0
956,2,2,0,12,6,6,6.0
957,2,2,0,18,6,12,9.0
958,2,2,0,15,6,9,7.5
959,2,2,0,18,6,12,9.0
960,2,2,0,21,9,12,10.5
961,2,2,0,15,6,9,7.5
962,2,2,0,15,6,9,7.5
963,2,2,0,15,6,9,7.5
964,2,2,0,18,9,9,9.0
965,2,2,0,18,6,12,9.0
966,2,2,0,13,6,7,6.5
967,2,2,0,18,9,9,9.0
968,2,2,0,15,6,9,7.5
969,2,2,0,15,6,9,7.5
970,2,2,0,21,9,12,10.5
971,2,2,0,15,6,9,7.5
972,2,2,0,18,9,9,9.0
973,2,2,0,18,9,9,9.0
974,2,2,0,15,6,9,7.5
975,2,2,0,15,6,9,7.5
976,2,2,0,18,6,12,9.0
977,2,2,0,12,6,6,6.0
978,2,2,0,15,6,9,7.5
979,2,2,0,24,9,15,12.0
980,2,2,0,12,6,6,6.0
981,2,2,0,12,6,6,6.0
982,2,2,0,18,9,9,9.0
983,2,2,0,18,9,9,9.0
984,2,2,0,18,6,12,9.0
985,2,2,0,15,6,9,7.5
986,2,2,0,15,6,9,7.5
987,2,2,0,18,6,12,9.0
988,2,2,0,19,9,10,9.5
989,2,2,0,21,9,12,10.5
990,2,2,0,21,9,12,10.5
991,2,2,0,21,9,12,10.5
992,2,2,0,18,9,9,9.0
993,2,2,0,19,9,10,9.5
994,2,2,0,21,9,12,10.5
995,2,2,0,15,6,9,7.5
996,2,2,0,19,9,10,9.5
997,2,2,0,15,6,9,7.5
998,2,2,0,18,6,12,9.0
999,2,2,0,21,9,12,10.5
1000,1,1,0,18,18,18,18.0
1001,1,1,0,20,20,20,20.0
1002,1,1,0,13,13,13,13.0
1003,1,1,0,24,24,24,24.0
1004,1,1,0,12,12,12,12.0
1005,1,1,0,11,11,11,11.0
1006,1,1,0,16,16,16,16.0
1007,1,1,0,19,19,19,19.0
1008,1,1,0,15,15,15,15.0
1009,1,1,0,14,14,14,14.0
1010,1,1,0,10,10,10,10.0
1011,1,1,0,14,14,14,14.0
1012,1,1,0,19,19,19,19.0
1013,1,1,0,15,15,15,15.0
1014,1,1,0,25,25,25,25.0
1015,1,1,0,15,15,15,15.0
1016,1,1,0,18,18,18,18.0
1017,1,1,0,18,18,18,18.0
1018,1,1,0,15,15,15,15.0
1019,1,1,0,11,11,11,11.0
1020,1,1,0,20,20,20,20.0
1021,1,1,0,22,22,22,22.0
1022,1,1,0,14,14,14,14.0
1023,1,1,0,17,17,17,17.0
1024,1,1,0,16,16,16,16.0
1025,1,1,0,21,21,21,21.0
1026,1,1,0,16,16,16,16.0
1027,1,1,0,14,14,14,14.0
1028,1,1,0,12,12,12,12.0
1029,1,1,0,18,18,18,18.0
1030,1,1,0,21,21,21,21.0
1031,1,1,0,16,16,16,16.0
1032,1,1,0,8,8,8,8.0
1033,1,1,0,14,14,14,14.0
1034,1,1,0,17,17,17,17.0
1035,1,1,0,17,17,17,17.0
1036,1,1,0,14,14,14,14.0
1037,1,1,0,20,20,20,20.0
1038,1,1,0,15,15,15,15.0
1039,1,1,0,15,15,15,15.0
1040,1,1,0,25,25,25,25.0
1041,1,1,0,12,12,12,12.0
1042,1,1,0,11,11,11,11.0
1043,1,1,0,14,14,14,14.0
1044,1,1,0,11,11,11,11.0
1045,1,1,0,14,14,14,14.0
1046,1,1,0,17,17,17,17.0
1047,1,1,0,19,19,19,19.0
1048,1,1,0,20,20,20,20.0
1049,1,1,0,11,11,11,11.0
1050,1,1,0,10,10,10,10.0
1051,1,1,0,21,21,21,21.0
1052,1,1,0,10,10,10,10.0
1053,1,1,0,20,20,20,20.0
1054,1,1,0,19,19,19,19.0
1055,1,1,0,19,19,19,19.0
1056,1,1,0,21,21,21,21.0
1057,1,1,0,11,11,11,11.0
1058,1,1,0,21,21,21,21.0
1059,1,1,0,11,11,11,11.0
1060,1,1,0,11,11,11,11.0
1061,1,1,0,12,12,12,12.0
1062,1,1,0,16,16,16,16.0
1063,1,1,0,16,16,16,16.0
1064,1,1,0,16,16,16,16.0
1065,1,1,0,14,14,14,14.0
1066,1,1,0,11,11,11,11.0
1067,1,1,0,13,13,13,13.0
1068,1,1,0,20,20,20,20.0
1069,1,1,0,12,12,12,12.0
1070,1,1,0,16,16,16,16.0
1071,1,1,0,17,17,17,17.0
1072,1,1,0,17,17,17,17.0
1073,1,1,0,17,17,17,17.0
1074,1,1,0,16,16,16,16.0
1075,1,1,0,11,11,11,11.0
1076,1,1,0,24,24,24,24.0
1077,1,1,0,8,8,8,8.0
1078,1,1,0,16,16,16,16.0
1079,1,1,0,18,18,18,18.0
1080,1,1,0,17,17,17,17.0
1081,1,1,0,24,24,24,24.0
1082,1,1,0,21,21,21,21.0
1083,1,1,0,14,14,14,14.0
1084,1,1,0,11,11,11,11.0
1085,1,1,0,21,21,21,21.0
1086,1,1,0,8,8,8,8.0
1087,1,1,0,10,10,10,10.0
1088,1,1,0,15,15,15,15.0
1089,1,1,0,17,17,17,17.0
1090,1,1,0,10,10,10,10.0
1091,1,1,0,17,17,17,17.0
1092,1,1,0,19,19,19,19.0
1093,1,1,0,15,15,15,15.0
1094,1,1,0,11,11,11,11.0
1095,1,1,0,10,10,10,10.0
1096,1,1,0,11,11,11,11.0
1097,1,1,0,11,11,11,11.0
1098,1,1,0,18,18,18,18.0
1099,1,1,0,19,19,19,19.0
1100,1,1,0,14,14,14,14.0
1101,1,1,0,15,15,15,15.0
1102,1,1,0,16,16,16,16.0
1103,1,1,0,17,17,17,17.0
1104,1,1,0,15,15,15,15.0
1105,1,1,0,18,18,18,18.0
1106,1,1,0,11,11,11,11.0
1107,1,1,0,14,14,14,14.0
1108,1,1,0,24,24,24,24.0
1109,1,1,0,12,12,12,12.0
1110,1,1,0,13,13,13,13.0
1111,1,1,0,12,12,12,12.0
1112,1,1,0,17,17,17,17.0
1113,1,1,0,16,16,16,16.0
1114,1,1,0,21,21,21,21.0
1115,1,1,0,10,10,10,10.0
1116,1,1,0,19,19,19,19.0
1117,1,1,0,21,21,21,21.0
1118,1,1,0,18,18,18,18.0
1119,1,1,0,18,18,18,18.0
1120,1,1,0,21,21,21,21.0
1121,1,1,0,18,18,18,18.0
1122,1,1,0,14,14,14,14.0
1123,1,1,0,17,17,17,17.0
1124,1,1,0,16,16,16,16.0
1125,1,1,0,18,18,18,18.0
1126,1,1,0,20,20,20,20.0
1127,1,1,0,13,13,13,13.0
1128,1,1,0,10,10,10,10.0
1129,1,1,0,18,18,18,18.0
1130,1,1,0,19,19,19,19.0
1131,1,1,0,21,21,21,21.0
1132,1,1,0,21,21,21,21.0
1133,1,1,0,8,8,8,8.0
1134,1,1,0,19,19,19,19.0
1135,1,1,0,18,18,18,18.0
1136,1,1,0,12,12,12,12.0
1137,1,1,0,22,22,22,22.0
1138,1,1,0,12,12,12,12.0
1139,1,1,0,14,14,14,14.0
1140,1,1,0,19,19,19,19.0
1141,1,1,0,15,15,15,15.0
1142,1,1,0,14,14,14,14.0
1143,1,1,0,16,16,16,16.0
1144,1,1,0,12,12,12,12.0
1145,1,1,0,19,19,19,19.0
1146,1,1,0,14,14,14,14.0
1147,1,1,0,21,21,21,21.0
1148,1,1,0,24,24,24,24.0
1149,1,1,0,21,21,21,21.0
1150,1,1,0,21,21,21,21.0
1151,1,1,0,24,24,24,24.0
1152,1,1,0,21,21,21,21.0
1153,1,1,0,12,12,12,12.0
1154,1,1,0,18,18,18,18.0
1155,1,1,0,11,11,11,11.0
1156,1,1,0,18,18,18,18.0
1157,1,1,0,18,18,18,18.0
1158,1,1,0,21,21,21,21.0
1159,1,1,0,18,18,18,18.0
1160,1,1,0,8,8,8,8.0
1161,1,1,0,12,12,12,12.0
1162,1,1,0,8,8,8,8.0
1163,1,1,0,18,18,18,18.0
1164,1,1,0,24,24,24,24.0
1165,1,1,0,15,15,15,15.0
1166,1,1,0,17,17,17,17.0
1167,1,1,0,20,20,20,20.0
1168,1,1,0,17,17,17,17.0
1169,1,1,0,16,16,16,16.0
1170,1,1,0,18,18,18,18.0
1171,1,1,0,18,18,18,18.0
1172,1,1,0,23,23,23,23.0
1173,1,1,0,16,16,16,16.0
1174,1,1,0,8,8,8,8.0
1175,1,1,0,16,16,16,16.0
1176,1,1,0,24,24,24,24.0
1177,1,1,0,24,24,24,24.0
1178,1,1,0,17,17,17,17.0
1179,1,1,0,27,27,27,27.0
1180,1,1,0,13,13,13,13.0
1181,1,1,0,21,21,21,21.0
1182,1,1,0,16,16,16,16.0
1183,1,1,0,11,11,11,11.0
1184,1,1,0,10,10,10,10.0
1185,1,1,0,8,8,8,8.0
1186,1,1,0,13,13,13,13.0
1187,1,1,0,19,19,19,19.0
1188,1,1,0,23,23,23,23.0
1189,1,1,0,11,11,11,11.0
1190,1,1,0,21,21,21,21.0
1191,1,1,0,14,14,14,14.0
1192,1,1,0,16,16,16,16.0
1193,1,1,0,11,11,11,11.0
1194,1,1,0,14,14,14,14.0
1195,1,1,0,14,14,14,14.0
1196,1,1,0,18,18,18,18.0
1197,1,1,0,15,15,15,15.0
1198,1,1,0,13,13,13,13.0
1199,1,1,0,17,17,17,17.0
1200,1,1,0,10,10,10,10.0
1201,1,1,0,18,18,18,18.0
1202,1,1,0,17,17,17,17.0
1203,1,1,0,17,17,17,17.0
1204,1,1,0,16,16,16,16.0
1205,1,1,0,19,19,19,19.0
1206,1,1,0,13,13,13,13.0
1207,1,1,0,11,11,11,11.0
1208,1,1,0,24,24,24,24.0
1209,1,1,0,14,14,14,14.0
1210,1,1,0,18,18,18,18.0
1211,1,1,0,10,10,10,10.0
1212,1,1,0,11,11,11,11.0
1213,1,1,0,21,21,21,21.0
1214,1,1,0,18,18,18,18.0
1215,1,1,0,11,11,11,11.0
1216,1,1,0,20,20,20,20.0
1217,1,1,0,18,18,18,18.0
1218,1,1,0,16,16,16,16.0
1219,1,1,0,10,10,10,10.0
1220,1,1,0,24,24,24,24.0
1221,1,1,0,15,15,15,15.0
1222,1,1,0,10,10,10,10.0
1223,1,1,0,10,10,10,10.0
1224,1,1,0,19,19,19,19.0
1225,1,1,0,19,19,19,19.0
1226,1,1,0,13,13,13,13.0
1227,1,1,0,16,16,16,16.0
1228,1,1,0,14,14,14,14.0
1229,1,1,0,24,24,24,24.0
1230,1,1,0,18,18,18,18.0
1231,1,1,0,11,11,11,11.0
1232,1,1,0,19,19,19,19.0
1233,1,1,0,19,19,19,19.0
1234,1,1,0,20,20,20,20.0
1235,1,1,0,20,20,20,20.0
1236,1,1,0,20,20,20,20.0
1237,1,1,0,11,11,11,11.0
1238,1,1,0,21,21,21,21.0
1239,1,1,0,24,24,24,24.0
1240,1,1,0,12,12,12,12.0
1241,1,1,0,16,16,16,16.0
1242,1,1,0,21,21,21,21.0
1243,1,1,0,10,10,10,10.0
1244,1,1,0,15,15,15,15.0
1245,1,1,0,12,12,12,12.0
1246,1,1,0,19,19,19,19.0
1247,1,1,0,21,21,21,21.0
1248,1,1,0,21,21,21,21.0
1249,1,1,0,18,18,18,18.0
1250,1,1,0,21,21,21,21.0
1251,1,1,0,24,24,24,24.0
1252,1,1,0,20,20,20,20.0
1253,1,1,0,14,14,14,14.0
1254,1,1,0,14,14,14,14.0
1255,1,1,0,14,14,14,14.0
1256,1,1,0,12,12,12,12.0
1257,1,1,0,10,10,10,10.0
1258,1,1,0,17,17,17,17.0
1259,1,1,0,13,13,13,13.0
1260,1,1,0,17,17,17,17.0
1261,1,1,0,14,14,14,14.0
1262,1,1,0,21,21,21,21.0
1263,1,1,0,19,19,19,19.0
1264,1,1,0,16,16,16,16.0
1265,1,1,0,19,19,19,19.0
1266,1,1,0,14,14,14,14.0
1267,1,1,0,10,10,10,10.0
1268,1,1,0,17,17,17,17.0
1269,1,1,0,15,15,15,15.0
1270,1,1,0,15,15,15,15.0
1271,1,1,0,20,20,20,20.0
1272,1,1,0,21,21,21,21.0
1273,1,1,0,18,18,18,18.0
1274,1,1,0,14,14,14,14.0
1275,1,1,0,20,20,20,20.0
1276,1,1,0,15,15,15,15.0
1277,1,1,0,19,19,19,19.0
1278,1,1,0,22,22,22,22.0
1279,1,1,0,8,8,8,8.0
1280,1,1,0,21,21,21,21.0
1281,1,1,0,17,17,17,17.0
1282,1,1,0,15,15,15,15.0
1283,1,1,0,11,11,11,11.0
1284,1,1,0,16,16,16,16.0
1285,1,1,0,18,18,18,18.0
1286,1,1,0,15,15,15,15.0
1287,1,1,0,21,21,21,21.0
1288,1,1,0,13,13,13,13.0
1289,1,1,0,22,22,22,22.0
1290,1,1,0,12,12,12,12.0
1291,1,1,0,13,13,13,13.0
1292,1,1,0,12,12,12,12.0
1293,1,1,0,21,21,21,21.0
1294,1,1,0,20,20,20,20.0
1295,1,1,0,19,19,19,19.0
1296,1,1,0,17,17,17,17.0
1297,1,1,0,19,19,19,19.0
1298,1,1,0,17,17,17,17.0
1299,1,1,0,19,19,19,19.0
1300,1,1,0,22,22,22,22.0
1301,1,1,0,21,21,21,21.0
1302,1,1,0,24,24,24,24.0
1303,1,1,0,10,10,10,10.0
1304,1,1,0,17,17,17,17.0
1305,1,1,0,16,16,16,16.0
1306,1,1,0,14,14,14,14.0
1307,1,1,0,16,16,16,16.0
1308,1,1,0,16,16,16,16.0
1309,1,1,0,19,19,19,19.0
1310,1,1,0,8,8,8,8.0
1311,1,1,0,11,11,11,11.0
1312,1,1,0,22,22,22,22.0
1313,1,1,0,20,20,20,20.0
1314,1,1,0,24,24,24,24.0
1315,1,1,0,11,11,11,11.0
1316,1,1,0,21,21,21,21.0
1317,1,1,0,14,14,14,14.0
1318,1,1,0,14,14,14,14.0
1319,1,1,0,18,18,18,18.0
1320,1,1,0,16,16,16,16.0
1321,1,1,0,18,18,18,18.0
1322,1,1,0,17,17,17,17.0
1323,1,1,0,14,14,14,14.0
1324,1,1,0,18,18,18,18.0
1325,1,1,0,22,22,22,22.0
1326,1,1,0,10,10,10,10.0
1327,1,1,0,14,14,14,14.0
1328,1,1,0,16,16,16,16.0
1329,1,1,0,18,18,18,18.0
1330,1,1,0,15,15,15,15.0
1331,1,1,0,10,10,10,10.0
1332,1,1,0,22,22,22,22.0
1333,1,1,0,21,21,21,21.0
1334,1,1,0,14,14,14,14.0
1335,1,1,0,24,24,24,24.0
1336,1,1,0,13,13,13,13.0
1337,1,1,0,13,13,13,13.0
1338,1,1,0,16,16,16,16.0
1339,1,1,0,17,17,17,17.0
1340,1,1,0,15,15,15,15.0
1341,1,1,0,13,13,13,13.0
1342,1,1,0,21,21,21,21.0
1343,1,1,0,14,14,14,14.0
1344,1,1,0,14,14,14,14.0
1345,1,1,0,18,18,18,18.0
1346,1,1,0,16,16,16,16.0
1347,1,1,0,17,17,17,17.0
1348,1,1,0,18,18,18,18.0
1349,1,1,0,10,10,10,10.0
1350,1,1,0,14,14,14,14.0
1351,1,1,0,17,17,17,17.0
1352,1,1,0,15,15,15,15.0
1353,1,1,0,16,16,16,16.0
1354,1,1,0,17,17,17,17.0
1355,1,1,0,8,8,8,8.0
1356,1,1,0,14,14,14,14.0
1357,1,1,0,15,15,15,15.0
1358,1,1,0,19,19,19,19.0
1359,1,1,0,14,14,14,14.0
1360,1,1,0,12,12,12,12.0
1361,1,1,0,8,8,8,8.0
1362,1,1,0,19,19,19,19.0
1363,1,1,0,27,27,27,27.0
1364,1,1,0,10,10,10,10.0
1365,1,1,0,8,8,8,8.0
1366,1,1,0,16,16,16,16.0
1367,1,1,0,18,18,18,18.0
1368,1,1,0,21,21,21,21.0
1369,1,1,0,16,16,16,16.0
1370,1,1,0,16,16,16,16.0
1371,1,1,0,19,19,19,19.0
1372,1,1,0,19,19,19,19.0
1373,1,1,0,16,16,16,16.0
1374,1,1,0,15,15,15,15.0
1375,1,1,0,10,10,10,10.0
1376,1,1,0,16,16,16,16.0
1377,1,1,0,18,18,18,18.0
1378,1,1,0,17,17,17,17.0
1379,1,1,0,17,17,17,17.0
1380,1,1,0,21,21,21,21.0
1381,1,1,0,12,12,12,12.0
1382,1,1,0,14,14,14,14.0
1383,1,1,0,13,13,13,13.0
1384,1,1,0,19,19,19,19.0
1385,1,1,0,8,8,8,8.0
1386,1,1,0,18,18,18,18.0
1387,1,1,0,12,12,12,12.0
1388,1,1,0,25,25,25,25.0
1389,1,1,0,15,15,15,15.0
1390,1,1,0,15,15,15,15.0
1391,1,1,0,16,16,16,16.0
1392,1,1,0,17,17,17,17.0
1393,1,1,0,22,22,22,22.0
1394,1,1,0,14,14,14,14.0
1395,1,1,0,20,20,20,20.0
1396,1,1,0,11,11,11,11.0
1397,1,1,0,19,19,19,19.0
1398,1,1,0,12,12,12,12.0
1399,1,1,0,11,11,11,11.0
1400,1,1,0,17,17,17,17.0
1401,1,1,0,21,21,21,21.0
1402,1,1,0,16,16,16,16.0
1403,1,1,0,18,18,18,18.0
1404,1,1,0,12,12,12,12.0
1405,1,1,0,15,15,15,15.0
1406,1,1,0,14,14,14,14.0
1407,1,1,0,21,21,21,21.0
1408,1,1,0,18,18,18,18.0
1409,1,1,0,14,14,14,14.0
1410,1,1,0,14,14,14,14.0
1411,1,1,0,19,19,19,19.0
1412,1,1,0,8,8,8,8.0
1413,1,1,0,10,10,10,10.0
1414,1,1,0,15,15,15,15.0
1415,1,1,0,15,15,15,15.0
1416,1,1,0,16,16,16,16.0
1417,1,1,0,18,18,18,18.0
1418,1,1,0,12,12,12,12.0
1419,1,1,0,19,19,19,19.0
1420,1,1,0,16,16,16,16.0
1421,1,1,0,24,24,24,24.0
1422,1,1,0,11,11,11,11.0
1423,1,1,0,14,14,14,14.0
1424,1,1,0,24,24,24,24.0
1425,1,1,0,11,11,11,11.0
1426,1,1,0,12,12,12,12.0
1427,1,1,0,16,16,16,16.0
1428,1,1,0,11,11,11,11.0
1429,1,1,0,16,16,16,16.0
1430,1,1,0,15,15,15,15.0
1431,1,1,0,12,12,12,12.0
1432,1,1,0,21,21,21,21.0
1433,1,1,0,18,18,18,18.0
1434,1,1,0,23,23,23,23.0
1435,1,1,0,17,17,17,17.0
1436,1,1,0,21,21,21,21.0
1437,1,1,0,15,15,15,15.0
1438,1,1,0,21,21,21,21.0
1439,1,1,0,20,20,20,20.0
1440,1,1,0,10,10,10,10.0
1441,1,1,0,14,14,14,14.0
1442,1,1,0,14,14,14,14.0
1443,1,1,0,11,11,11,11.0
1444,1,1,0,19,19,19,19.0
1445,1,1,0,14,14,14,14.0
1446,1,1,0,14,14,14,14.0
1447,1,1,0,11,11,11,11.0
1448,1,1,0,22,22,22,22.0
1449,1,1,0,15,15,15,15.0
1450,1,1,0,15,15,15,15.0
1451,1,1,0,13,13,13,13.0
1452,1,1,0,15,15,15,15.0
1453,1,1,0,16,16,16,16.0
1454,1,1,0,15,15,15,15.0
1455,1,1,0,16,16,16,16.0
1456,1,1,0,17,17,17,17.0
1457,1,1,0,16,16,16,16.0
1458,1,1,0,15,15,15,15.0
1459,1,1,0,8,8,8,8.0
1460,1,1,0,17,17,17,17.0
1461,1,1,0,18,18,18,18.0
1462,1,1,0,10,10,10,10.0
1463,1,1,0,14,14,14,14.0
1464,1,1,0,20,20,20,20.0
1465,1,1,0,10,10,10,10.0
1466,1,1,0,10,10,10,10.0
1467,1,1,0,21,21,21,21.0
1468,1,1,0,20,20,20,20.0
1469,1,1,0,15,15,15,15.0
1470,1,1,0,8,8,8,8.0
1471,1,1,0,14,14,14,14.0
1472,1,1,0,11,11,11,11.0
1473,1,1,0,21,21,21,21.0
1474,1,1,0,12,12,12,12.0
1475,1,1,0,16,16,16,16.0
1476,1,1,0,10,10,10,10.0
1477,1,1,0,22,22,22,22.0
1478,1,1,0,23,23,23,23.0
1479,1,1,0,8,8,8,8.0
1480,1,1,0,12,12,12,12.0
1481,1,1,0,16,16,16,16.0
1482,1,1,0,13,13,13,13.0
1483,1,1,0,13,13,13,13.0
1484,1,1,0,15,15,15,15.0
1485,1,1,0,18,18,18,18.0
1486,1,1,0,19,19,19,19.0
1487,1,1,0,18,18,18,18.0
1488,1,1,0,15,15,15,15.0
1489,1,1,0,8,8,8,8.0
1490,1,1,0,24,24,24,24.0
1491,1,1,0,10,10,10,10.0
1492,1,1,0,18,18,18,18.0
1493,1,1,0,21,21,21,21.0
1494,1,1,0,13,13,13,13.0
1495,1,1,0,8,8,8,8.0
1496,1,1,0,8,8,8,8.0
1497,1,1,0,18,18,18,18.0
1498,1,1,0,17,17,17,17.0
1499,1,1,0,24,24,24,24.0
1500,1,1,0,14,14,14,14.0
1501,1,1,0,18,18,18,18.0
1502,1,1,0,17,17,17,17.0
1503,1,1,0,19,19,19,19.0
1504,1,1,0,21,21,21,21.0
1505,1,1,0,21,21,21,21.0
1506,1,1,0,14,14,14,14.0
1507,1,1,0,14,14,14,14.0
1508,1,1,0,15,15,15,15.0
1509,1,1,0,11,11,11,11.0
1510,1,1,0,19,19,19,19.0
1511,1,1,0,16,16,16,16.0
1512,1,1,0,19,19,19,19.0
1513,1,1,0,17,17,17,17.0
1514,1,1,0,14,14,14,14.0
1515,1,1,0,11,11,11,11.0
1516,1,1,0,8,8,8,8.0
1517,1,1,0,14,14,14,14.0
1518,1,1,0,12,12,12,12.0
1519,1,1,0,12,12,12,12.0
1520,1,1,0,14,14,14,14.0
1521,1,1,0,22,22,22,22.0
1522,1,1,0,17,17,17,17.0
1523,1,1,0,8,8,8,8.0
1524,1,1,0,24,24,24,24.0
1525,1,1,0,21,21,21,21.0
1526,1,1,0,14,14,14,14.0
1527,1,1,0,16,16,16,16.0
1528,1,1,0,10,10,10,10.0
1529,1,1,0,17,17,17,17.0
1530,1,1,0,16,16,16,16.0
1531,1,1,0,20,20,20,20.0
1532,1,1,0,21,21,21,21.0
1533,1,1,0,15,15,15,15.0
1534,1,1,0,11,11,11,11.0
1535,1,1,0,16,16,16,16.0
1536,1,1,0,22,22,22,22.0
1537,1,1,0,8,8,8,8.0
1538,1,1,0,18,18,18,18.0
1539,1,1,0,17,17,17,17.0
1540,1,1,0,8,8,8,8.0
1541,1,1,0,24,24,24,24.0
1542,1,1,0,21,21,21,21.0
1543,1,1,0,18,18,18,18.0
1544,1,1,0,18,18,18,18.0
1545,1,1,0,16,16,16,16.0
1546,1,1,0,12,12,12,12.0
1547,1,1,0,18,18,18,18.0
1548,1,1,0,19,19,19,19.0
1549,1,1,0,11,11,11,11.0
1550,1,1,0,15,15,15,15.0
1551,1,1,0,16,16,16,16.0
1552,1,1,0,16,16,16,16.0
1553,1,1,0,24,24,24,24.0
1554,1,1,0,13,13,13,13.0
1555,1,1,0,16,16,16,16.0
1556,1,1,0,19,19,19,19.0
1557,1,1,0,8,8,8,8.0
1558,1,1,0,22,22,22,22.0
1559,1,1,0,10,10,10,10.0
1560,1,1,0,17,17,17,17.0
1561,1,1,0,13,13,13,13.0
1562,1,1,0,14,14,14,14.0
1563,1,1,0,14,14,14,14.0
1564,1,1,0,8,8,8,8.0
1565,1,1,0,14,14,14,14.0
1566,1,1,0,24,24,24,24.0
1567,1,1,0,11,11,11,11.0
1568,1,1,0,23,23,23,23.0
1569,1,1,0,21,21,21,21.0
1570,1,1,0,17,17,17,17.0
1571,1,1,0,17,17,17,17.0
1572,1,1,0,11,11,11,11.0
1573,1,1,0,14,14,14,14.0
1574,1,1,0,16,16,16,16.0
1575,1,1,0,21,21,21,21.0
1576,1,1,0,13,13,13,13.0
1577,1,1,0,27,27,27,27.0
1578,1,1,0,10,10,10,10.0
1579,1,1,0,13,13,13,13.0
1580,1,1,0,17,17,17,17.0
1581,1,1,0,11,11,11,11.0
1582,1,1,0,18,18,18,18.0
1583,1,1,0,23,23,23,23.0
1584,1,1,0,19,19,19,19.0
1585,1,1,0,18,18,18,18.0
1586,1,1,0,10,10,10,10.0
1587,1,1,0,18,18,18,18.0
1588,1,1,0,8,8,8,8.0
1589,1,1,0,19,19,19,19.0
1590,1,1,0,16,16,16,16.0
1591,1,1,0,13,13,13,13.0
1592,1,1,0,18,18,18,18.0
1593,1,1,0,21,21,21,21.0
1594,1,1,0,10,10,10,10.0
1595,1,1,0,8,8,8,8.0
1596,1,1,0,15,15,15,15.0
1597,1,1,0,15,15,15,15.0
1598,1,1,0,14,14,14,14.0
1599,1,1,0,21,21,21,21.0
1600,1,1,0,18,18,18,18.0
1601,1,1,0,20,20,20,20.0
1602,1,1,0,15,15,15,15.0
1603,1,1,0,21,21,21,21.0
1604,1,1,0,14,14,14,14.0
1605,1,1,0,13,13,13,13.0
1606,1,1,0,23,23,23,23.0
1607,1,1,0,14,14,14,14.0
1608,1,1,0,18,18,18,18.0
1609,1,1,0,21,21,21,21.0
1610,1,1,0,8,8,8,8.0
1611,1,1,0,19,19,19,19.0
1612,1,1,0,8,8,8,8.0
1613,1,1,0,14,14,14,14.0
1614,1,1,0,11,11,11,11.0
1615,1,1,0,10,10,10,10.0
1616,1,1,0,11,11,11,11.0
1617,1,1,0,10,10,10,10.0
1618,1,1,0,15,15,15,15.0
1619,1,1,0,17,17,17,17.0
1620,1,1,0,16,16,16,16.0
1621,1,1,0,17,17,17,17.0
1622,1,1,0,21,21,21,21.0
1623,1,1,0,10,10,10,10.0
1624,1,1,0,13,13,13,13.0
1625,1,1,0,14,14,14,14.0
1626,1,1,0,14,14,14,14.0
1627,1,1,0,24,24,24,24.0
1628,1,1,0,11,11,11,11.0
1629,1,1,0,12,12,12,12.0
1630,1,1,0,16,16,16,16.0
1631,1,1,0,22,22,22,22.0
1632,1,1,0,16,16,16,16.0
1633,1,1,0,16,16,16,16.0
1634,1,1,0,10,10,10,10.0
1635,1,1,0,11,11,11,11.0
1636,1,1,0,10,10,10,10.0
1637,1,1,0,21,21,21,21.0
1638,1,1,0,10,10,10,10.0
1639,1,1,0,18,18,18,18.0
1640,1,1,0,20,20,20,20.0
1641,1,1,0,24,24,24,24.0
1642,1,1,0,17,17,17,17.0
1643,1,1,0,17,17,17,17.0
1644,1,1,0,17,17,17,17.0
1645,1,1,0,19,19,19,19.0
1646,1,1,0,21,21,21,21.0
1647,1,1,0,13,13,13,13.0
1648,1,1,0,10,10,10,10.0
1649,1,1,0,14,14,14,14.0
1650,1,1,0,18,18,18,18.0
1651,1,1,0,15,15,15,15.0
1652,1,1,0,11,11,11,11.0
1653,1,1,0,17,17,17,17.0
1654,1,1,0,15,15,15,15.0
1655,1,1,0,13,13,13,13.0
1656,1,1,0,17,17,17,17.0
1657,1,1,0,14,14,14,14.0
1658,1,1,0,18,18,18,18.0
1659,1,1,0,16,16,16,16.0
1660,1,1,0,19,19,19,19.0
1661,1,1,0,18,18,18,18.0
1662,1,1,0,13,13,13,13.0
1663,1,1,0,11,11,11,11.0
1664,1,1,0,22,22,22,22.0
1665,1,1,0,17,17,17,17.0
1666,1,1,0,24,24,24,24.0
1667,1,1,0,19,19,19,19.0
1668,1,1,0,18,18,18,18.0
1669,1,1,0,11,11,11,11.0
1670,1,1,0,18,18,18,18.0
1671,1,1,0,11,11,11,11.0
1672,1,1,0,14,14,14,14.0
1673,1,1,0,24,24,24,24.0
1674,1,1,0,10,10,10,10.0
1675,1,1,0,13,13,13,13.0
1676,1,1,0,12,12,12,12.0
1677,1,1,0,13,13,13,13.0
1678,1,1,0,13,13,13,13.0
1679,1,1,0,13,13,13,13.0
1680,1,1,0,20,20,20,20.0
1681,1,1,0,8,8,8,8.0
1682,1,1,0,18,18,18,18.0
1683,1,1,0,21,21,21,21.0
1684,1,1,0,21,21,21,21.0
1685,1,1,0,12,12,12,12.0
1686,1,1,0,17,17,17,17.0
1687,1,1,0,16,16,16,16.0
1688,1,1,0,14,14,14,14.0
1689,1,1,0,16,16,16,16.0
1690,1,1,0,14,14,14,14.0
1691,1,1,0,16,16,16,16.0
1692,1,1,0,14,14,14,14.0
1693,1,1,0,15,15,15,15.0
1694,1,1,0,14,14,14,14.0
1695,1,1,0,22,22,22,22.0
1696,1,1,0,13,13,13,13.0
1697,1,1,0,14,14,14,14.0
1698,1,1,0,14,14,14,14.0
1699,1,1,0,19,19,19,19.0
1700,1,1,0,11,11,11,11.0
1701,1,1,0,10,10,10,10.0
1702,1,1,0,18,18,18,18.0
1703,1,1,0,18,18,18,18.0
1704,1,1,0,22,22,22,22.0
1705,1,1,0,22,22,22,22.0
1706,1,1,0,24,24,24,24.0
1707,1,1,0,13,13,13,13.0
1708,1,1,0,19,19,19,19.0
1709,1,1,0,16,16,16,16.0
1710,1,1,0,20,20,20,20.0
1711,1,1,0,20,20,20,20.0
1712,1,1,0,18,18,18,18.0
1713,1,1,0,18,18,18,18.0
1714,1,1,0,8,8,8,8.0
1715,1,1,0,15,15,15,15.0
1716,1,1,0,19,19,19,19.0
1717,1,1,0,16,16,16,16.0
1718,1,1,0,16,16,16,16.0
1719,1,1,0,18,18,18,18.0
1720,1,1,0,18,18,18,18.0
1721,1,1,0,14,14,14,14.0
1722,1,1,0,20,20,20,20.0
1723,1,1,0,17,17,17,17.0
1724,1,1,0,16,16,16,16.0
1725,1,1,0,17,17,17,17.0
1726,1,1,0,15,15,15,15.0
1727,1,1,0,18,18,18,18.0
1728,1,1,0,17,17,17,17.0
1729,1,1,0,15,15,15,15.0
1730,1,1,0,17,17,17,17.0
1731,1,1,0,10,10,10,10.0
1732,1,1,0,12,12,12,12.0
1733,1,1,0,15,15,15,15.0
1734,1,1,0,17,17,17,17.0
1735,1,1,0,17,17,17,17.0
1736,1,1,0,11,11,11,11.0
1737,1,1,0,15,15,15,15.0
1738,1,1,0,19,19,19,19.0
1739,1,1,0,18,18,18,18.0
1740,1,1,0,22,22,22,22.0
1741,1,1,0,16,16,16,16.0
1742,1,1,0,18,18,18,18.0
1743,1,1,0,13,13,13,13.0
1744,1,1,0,14,14,14,14.0
1745,1,1,0,16,16,16,16.0
1746,1,1,0,12,12,12,12.0
1747,1,1,0,12,12,12,12.0
1748,1,1,0,17,17,17,17.0
1749,1,1,0,11,11,11,11.0
1750,1,1,0,11,11,11,11.0
1751,1,1,0,20,20,20,20.0
1752,1,1,0,16,16,16,16.0
1753,1,1,0,16,16,16,16.0
1754,1,1,0,18,18,18,18.0
1755,1,1,0,10,10,10,10.0
1756,1,1,0,14,14,14,14.0
1757,1,1,0,18,18,18,18.0
1758,1,1,0,14,14,14,14.0
1759,1,1,0,8,8,8,8.0
1760,1,1,0,17,17,17,17.0
1761,1,1,0,12,12,12,12.0
1762,1,1,0,12,12,12,12.0
1763,1,1,0,8,8,8,8.0
1764,1,1,0,15,15,15,15.0
1765,1,1,0,10,10,10,10.0
1766,1,1,0,11,11,11,11.0
1767,1,1,0,14,14,14,14.0
1768,1,1,0,17,17,17,17.0
1769,1,1,0,11,11,11,11.0
1770,1,1,0,17,17,17,17.0
1771,1,1,0,15,15,15,15.0
1772,1,1,0,18,18,18,18.0
1773,1,1,0,12,12,12,12.0
1774,1,1,0,15,15,15,15.0
1775,1,1,0,21,21,21,21.0
1776,1,1,0,14,14,14,14.0
1777,1,1,0,13,13,13,13.0
1778,1,1,0,16,16,16,16.0
1779,1,1,0,12,12,12,12.0
1780,1,1,0,13,13,13,13.0
1781,1,1,0,22,22,22,22.0
1782,1,1,0,15,15,15,15.0
1783,1,1,0,13,13,13,13.0
1784,1,1,0,20,20,20,20.0
1785,1,1,0,17,17,17,17.0
1786,1,1,0,13,13,13,13.0
1787,1,1,0,15,15,15,15.0
1788,1,1,0,16,16,16,16.0
1789,1,1,0,18,18,18,18.0
1790,1,1,0,13,13,13,13.0
1791,1,1,0,18,18,18,18.0
1792,1,1,0,13,13,13,13.0
1793,1,1,0,15,15,15,15.0
1794,1,1,0,20,20,20,20.0
1795,1,1,0,22,22,22,22.0
1796,1,1,0,16,16,16,16.0
1797,1,1,0,17,17,17,17.0
1798,1,1,0,12,12,12,12.0
1799,1,1,0,18,18,18,18.0
1800,1,1,0,19,19,19,19.0
1801,1,1,0,19,19,19,19.0
1802,1,1,0,13,13,13,13.0
1803,1,1,0,15,15,15,15.0
1804,1,1,0,8,8,8,8.0
1805,1,1,0,14,14,14,14.0
1806,1,1,0,21,21,21,21.0
1807,1,1,0,19,19,19,19.0
1808,1,1,0,12,12,12,12.0
1809,1,1,0,17,17,17,17.0
1810,1,1,0,11,11,11,11.0
1811,1,1,0,10,10,10,10.0
1812,1,1,0,22,22,22,22.0
1813,1,1,0,13,13,13,13.0
1814,1,1,0,13,13,13,13.0
1815,1,1,0,12,12,12,12.0
1816,1,1,0,15,15,15,15.0
1817,1,1,0,19,19,19,19.0
1818,1,1,0,18,18,18,18.0
1819,1,1,0,10,10,10,10.0
1820,1,1,0,16,16,16,16.0
1821,1,1,0,21,21,21,21.0
1822,1,1,0,15,15,15,15.0
1823,1,1,0,21,21,21,21.0
1824,1,1,0,14,14,14,14.0
1825,1,1,0,11,11,11,11.0
1826,1,1,0,17,17,17,17.0
1827,1,1,0,12,12,12,12.0
1828,1,1,0,19,19,19,19.0
1829,1,1,0,17,17,17,17.0
1830,1,1,0,11,11,11,11.0
1831,1,1,0,16,16,16,16.0
1832,1,1,0,21,21,21,21.0
1833,1,1,0,8,8,8,8.0
1834,1,1,0,21,21,21,21.0
1835,1,1,0,11,11,11,11.0
1836,1,1,0,16,16,16,16.0
1837,1,1,0,21,21,21,21.0
1838,1,1,0,13,13,13,13.0
1839,1,1,0,20,20,20,20.0
1840,1,1,0,11,11,11,11.0
1841,1,1,0,21,21,21,21.0
1842,1,1,0,14,14,14,14.0
1843,1,1,0,13,13,13,13.0
1844,1,1,0,11,11,11,11.0
1845,1,1,0,16,16,16,16.0
1846,1,1,0,16,16,16,16.0
1847,1,1,0,8,8,8,8.0
1848,1,1,0,11,11,11,11.0
1849,1,1,0,10,10,10,10.0
1850,1,1,0,18,18,18,18.0
1851,1,1,0,18,18,18,18.0
1852,1,1,0,24,24,24,24.0
1853,1,1,0,18,18,18,18.0
1854,1,1,0,10,10,10,10.0
1855,1,1,0,8,8,8,8.0
1856,1,1,0,15,15,15,15.0
1857,1,1,0,21,21,21,21.0
1858,1,1,0,20,20,20,20.0
1859,1,1,0,10,10,10,10.0
1860,1,1,0,16,16,16,16.0
1861,1,1,0,17,17,17,17.0
1862,1,1,0,8,8,8,8.0
1863,1,1,0,16,16,16,16.0
1864,1,1,0,18,18,18,18.0
1865,1,1,0,18,18,18,18.0
1866,1,1,0,10,10,10,10.0
1867,1,1,0,14,14,14,14.0
1868,1,1,0,17,17,17,17.0
1869,1,1,0,15,15,15,15.0
1870,1,1,0,20,20,20,20.0
1871,1,1,0,10,10,10,10.0
1872,1,1,0,21,21,21,21.0
1873,1,1,0,16,16,16,16.0
1874,1,1,0,20,20,20,20.0
1875,1,1,0,14,14,14,14.0
1876,1,1,0,10,10,10,10.0
1877,1,1,0,8,8,8,8.0
1878,1,1,0,14,14,14,14.0
1879,1,1,0,12,12,12,12.0
1880,1,1,0,22,22,22,22.0
1881,1,1,0,16,16,16,16.0
1882,1,1,0,18,18,18,18.0
1883,1,1,0,14,14,14,14.0
1884,1,1,0,16,16,16,16.0
1885,1,1,0,17,17,17,17.0
1886,1,1,0,20,20,20,20.0
1887,1,1,0,11,11,11,11.0
1888,1,1,0,10,10,10,10.0
1889,1,1,0,16,16,16,16.0
1890,1,1,0,15,15,15,15.0
1891,1,1,0,13,13,13,13.0
1892,1,1,0,17,17,17,17.0
1893,1,1,0,14,14,14,14.0
1894,1,1,0,24,24,24,24.0
1895,1,1,0,18,18,18,18.0
1896,1,1,0,21,21,21,21.0
1897,1,1,0,18,18,18,18.0
1898,1,1,0,17,17,17,17.0
1899,1,1,0,14,14,14,14.0
1900,1,1,0,18,18,18,18.0
1901,1,1,0,15,15,15,15.0
1902,1,1,0,18,18,18,18.0
1903,1,1,0,11,11,11,11.0
1904,1,1,0,18,18,18,18.0
1905,1,1,0,16,16,16,16.0
1906,1,1,0,19,19,19,19.0
1907,1,1,0,8,8,8,8.0
1908,1,1,0,17,17,17,17.0
1909,1,1,0,15,15,15,15.0
1910,1,1,0,18,18,18,18.0
1911,1,1,0,17,17,17,17.0
1912,1,1,0,14,14,14,14.0
1913,1,1,0,24,24,24,24.0
1914,1,1,0,16,16,16,16.0
1915,1,1,0,18,18,18,18.0
1916,1,1,0,25,25,25,25.0
1917,1,1,0,19,19,19,19.0
1918,1,1,0,8,8,8,8.0
1919,1,1,0,18,18,18,18.0
1920,1,1,0,13,13,13,13.0
1921,1,1,0,18,18,18,18.0
1922,1,1,0,18,18,18,18.0
1923,1,1,0,18,18,18,18.0
1924,1,1,0,14,14,14,14.0
1925,1,1,0,20,20,20,20.0
1926,1,1,0,16,16,16,16.0
1927,1,1,0,19,19,19,19.0
1928,1,1,0,12,12,12,12.0
1929,1,1,0,17,17,17,17.0
1930,1,1,0,19,19,19,19.0
1931,1,1,0,14,14,14,14.0
1932,1,1,0,14,14,14,14.0
1933,1,1,0,18,18,18,18.0
1934,1,1,0,18,18,18,18.0
1935,1,1,0,23,23,23,23.0
1936,1,1,0,21,21,21,21.0
1937,1,1,0,22,22,22,22.0
1938,1,1,0,18,18,18,18.0
1939,1,1,0,18,18,18,18.0
1940,1,1,0,24,24,24,24.0
1941,1,1,0,17,17,17,17.0
1942,1,1,0,14,14,14,14.0
1943,1,1,0,13,13,13,13.0
1944,1,1,0,16,16,16,16.0
1945,1,1,0,15,15,15,15.0
1946,1,1,0,21,21,21,21.0
1947,1,1,0,8,8,8,8.0
1948,1,1,0,10,10,10,10.0
1949,1,1,0,19,19,19,19.0
1950,1,1,0,18,18,18,18.0
1951,1,1,0,8,8,8,8.0
1952,1,1,0,20,20,20,20.0
1953,1,1,0,19,19,19,19.0
1954,1,1,0,11,11,11,11.0
1955,1,1,0,17,17,17,17.0
1956,1,1,0,14,14,14,14.0
1957,1,1,0,12,12,12,12.0
1958,1,1,0,11,11,11,11.0
1959,1,1,0,19,19,19,19.0
1960,1,1,0,24,24,24,24.0
1961,1,1,0,14,14,14,14.0
1962,1,1,0,11,11,11,11.0
1963,1,1,0,21,21,21,21.0
1964,1,1,0,18,18,18,18.0
1965,1,1,0,14,14,14,14.0
1966,1,1,0,8,8,8,8.0
1967,1,1,0,13,13,13,13.0
1968,1,1,0,21,21,21,21.0
1969,1,1,0,16,16,16,16.0
1970,1,1,0,24,24,24,24.0
1971,1,1,0,20,20,20,20.0
1972,1,1,0,16,16,16,16.0
1973,1,1,0,8,8,8,8.0
1974,1,1,0,18,18,18,18.0
1975,1,1,0,16,16,16,16.0
1976,1,1,0,13,13,13,13.0
1977,1,1,0,11,11,11,11.0
1978,1,1,0,8,8,8,8.0
1979,1,1,0,14,14,14,14.0
1980,1,1,0,17,17,17,17.0
1981,1,1,0,14,14,14,14.0
1982,1,1,0,18,18,18,18.0
1983,1,1,0,11,11,11,11.0
1984,1,1,0,16,16,16,16.0
1985,1,1,0,16,16,16,16.0
1986,1,1,0,20,20,20,20.0
1987,1,1,0,14,14,14,14.0
1988,1,1,0,11,11,11,11.0
1989,1,1,0,14,14,14,14.0
1990,1,1,0,21,21,21,21.0
1991,1,1,0,12,12,12,12.0
1992,1,1,0,16,16,16,16.0
1993,1,1,0,13,13,13,13.0
1994,1,1,0,18,18,18,18.0
1995,1,1,0,21,21,21,21.0
1996,1,1,0,12,12,12,12.0
1997,1,1,0,13,13,13,13.0
1998,1,1,0,10,10,10,10.0
1999,1,1,0,11,11,11,11.0
2000,3,3,0,37,8,17,12.333333333333334
2001,3,3,0,56,14,25,18.666666666666668
2002,3,3,0,43,10,21,14.333333333333334
2003,3,3,0,47,14,17,15.666666666666666
2004,3,3,0,39,8,21,13.0
2005,3,3,0,61,17,24,20.333333333333332
2006,3,3,0,59,13,24,19.666666666666668
2007,3,3,0,49,14,19,16.333333333333332
2008,3,3,0,35,8,17,11.666666666666666
2009,3,3,0,40,11,18,13.333333333333334
2010,3,3,0,35,8,14,11.666666666666666
2011,3,3,0,53,14,24,17.666666666666668
2012,3,3,0,48,13,19,16.0
2013,3,3,0,56,13,24,18.666666666666668
2014,3,3,0,37,11,14,12.333333333333334
2015,3,3,0,45,12,20,15.0
2016,3,3,0,52,16,19,17.333333333333332
2017,3,3,0,43,10,21,14.333333333333334
2018,3,3,0,44,11,17,14.666666666666666
2019,3,3,0,44,8,19,14.666666666666666
2020,3,3,0,64,15,25,21.333333333333332
2021,3,3,0,45,11,20,15.0
2022,3,3,0,44,8,20,14.666666666666666
2023,3,3,0,57,15,24,19.0
2024,3,3,0,33,8,14,11.0
2025,3,3,0,46,14,17,15.333333333333334
2026,3,3,0,39,11,16,13.0
2027,3,3,0,38,11,14,12.666666666666666
2028,3,3,0,44,11,17,14.666666666666666
2029,3,3,0,40,10,16,13.333333333333334
2030,3,3,0,53,16,19,17.666666666666668
2031,3,3,0,39,10,16,13.0
2032,3,3,0,52,15,19,17.333333333333332
2033,3,3,0,57,15,21,19.0
2034,3,3,0,38,10,14,12.666666666666666
2035,3,3,0,51,14,21,17.0
2036,3,3,0,59,11,24,19.666666666666668
2037,3,3,0,45,11,19,15.0
2038,3,3,0,41,11,18,13.666666666666666
2039,3,3,0,35,10,14,11.666666666666666
2040,3,3,0,47,8,22,15.666666666666666
2041,3,3,0,40,12,15,13.333333333333334
2042,3,3,0,43,12,19,14.333333333333334
2043,3,3,0,45,15,15,15.0
2044,3,3,0,40,10,17,13.333333333333334
2045,3,3,0,53,13,22,17.666666666666668
2046,3,3,0,47,14,17,15.666666666666666
2047,3,3,0,48,11,19,16.0
2048,3,3,0,49,13,21,16.333333333333332
2049,3,3,0,45,10,24,15.0
2050,3,3,0,50,11,21,16.666666666666668
2051,3,3,0,49,11,22,16.333333333333332
2052,3,3,0,48,15,18,16.0
2053,3,3,0,51,10,22,17.0
2054,3,3,0,38,10,17,12.666666666666666
2055,3,3,0,40,11,18,13.333333333333334
2056,3,3,0,45,10,24,15.0
2057,3,3,0,51,13,20,17.0
2058,3,3,0,42,11,19,14.0
2059,3,3,0,51,15,18,17.0
2060,3,3,0,52,15,19,17.333333333333332
2061,3,3,0,56,14,24,18.666666666666668
2062,3,3,0,57,15,24,19.0
2063,3,3,0,50,14,19,16.666666666666668
2064,3,3,0,44,10,20,14.666666666666666
2065,3,3,0,51,10,24,17.0
2066,3,3,0,53,10,22,17.666666666666668
2067,3,3,0,57,17,21,19.0
2068,3,3,0,57,14,24,19.0
2069,3,3,0,56,13,24,18.666666666666668
2070,3,3,0,64,15,25,21.333333333333332
2071,3,3,0,38,8,18,12.666666666666666
2072,3,3,0,51,16,19,17.0
2073,3,3,0,56,17,20,18.666666666666668
2074,3,3,0,57,14,27,19.0
2075,3,3,0,53,14,22,17.666666666666668
2076,3,3,0,56,17,21,18.666666666666668
2077,3,3,0,65,20,24,21.666666666666668
2078,3,3,0,45,8,21,15.0
2079,3,3,0,46,12,18,15.333333333333334
2080,3,3,0,50,13,19,16.666666666666668
2081,3,3,0,42,10,21,14.0
2082,3,3,0,43,11,18,14.333333333333334
2083,3,3,0,38,11,14,12.666666666666666
2084,3,3,0,56,13,24,18.666666666666668
2085,3,3,0,43,10,22,14.333333333333334
2086,3,3,0,39,10,15,13.0
2087,3,3,0,48,13,19,16.0
2088,3,3,0,56,14,25,18.666666666666668
2089,3,3,0,44,8,24,14.666666666666666
2090,3,3,0,54,14,21,18.0
2091,3,3,0,47,12,22,15.666666666666666
2092,3,3,0,46,10,21,15.333333333333334
2093,3,3,0,45,11,20,15.0
2094,3,3,0,56,15,23,18.666666666666668
2095,3,3,0,55,16,22,18.333333333333332
2096,3,3,0,46,12,19,15.333333333333334
2097,3,3,0,57,16,21,19.0
2098,3,3,0,57,14,22,19.0
2099,3,3,0,47,8,21,15.666666666666666
2100,3,3,0,52,16,19,17.333333333333332
2101,3,3,0,43,11,17,14.333333333333334
2102,3,3,0,49,16,17,16.333333333333332
2103,3,3,0,41,8,17,13.666666666666666
2104,3,3,0,50,15,18,16.666666666666668
2105,3,3,0,53,13,22,17.666666666666668
2106,3,3,0,40,8,20,13.333333333333334
2107,3,3,0,40,11,18,13.333333333333334
2108,3,3,0,40,10,20,13.333333333333334
2109,3,3,0,50,8,24,16.666666666666668
2110,3,3,0,51,14,19,17.0
2111,3,3,0,64,21,22,21.333333333333332
2112,3,3,0,40,8,18,13.333333333333334
2113,3,3,0,54,13,21,18.0
2114,3,3,0,41,10,18,13.666666666666666
2115,3,3,0,45,8,22,15.0
2116,3,3,0,47,8,21,15.666666666666666
2117,3,3,0,37,8,16,12.333333333333334
2118,3,3,0,41,10,20,13.666666666666666
2119,3,3,0,36,10,14,12.0
2120,3,3,0,46,11,21,15.333333333333334
2121,3,3,0,38,10,15,12.666666666666666
2122,3,3,0,47,12,21,15.666666666666666
2123,3,3,0,43,8,18,14.333333333333334
2124,3,3,0,53,11,24,17.666666666666668
2125,3,3,0,44,8,18,14.666666666666666
2126,3,3,0,47,11,20,15.666666666666666
2127,3,3,0,40,12,14,13.333333333333334
2128,3,3,0,44,13,16,14.666666666666666
2129,3,3,0,45,14,16,15.0
2130,3,3,0,55,15,20,18.333333333333332
2131,3,3,0,51,11,21,17.0
2132,3,3,0,38,11,15,12.666666666666666
2133,3,3,0,42,12,16,14.0
2134,3,3,0,57,14,22,19.0
2135,3,3,0,55,16,23,18.333333333333332
2136,3,3,0,40,11,17,13.333333333333334
2137,3,3,0,64,17,27,21.333333333333332
2138,3,3,0,56,14,24,18.666666666666668
2139,3,3,0,43,11,20,14.333333333333334
2140,3,3,0,41,12,16,13.666666666666666
2141,3,3,0,37,10,16,12.333333333333334
2142,3,3,0,45,13,16,15.0
2143,3,3,0,47,11,20,15.666666666666666
2144,3,3,0,50,13,21,16.666666666666668
2145,3,3,0,49,10,21,16.333333333333332
2146,3,3,0,39,12,14,13.0
2147,3,3,0,61,19,22,20.333333333333332
2148,3,3,0,57,19,19,19.0
2149,3,3,0,41,12,16,13.666666666666666
2150,3,3,0,41,8,19,13.666666666666666
2151,3,3,0,52,11,21,17.333333333333332
2152,3,3,0,55,17,20,18.333333333333332
2153,3,3,0,63,18,25,21.0
2154,3,3,0,46,13,17,15.333333333333334
2155,3,3,0,53,16,19,17.666666666666668
2156,3,3,0,51,11,22,17.0
2157,3,3,0,58,15,24,19.333333333333332
2158,3,3,0,54,12,21,18.0
2159,3,3,0,47,12,18,15.666666666666666
2160,3,3,0,56,15,21,18.666666666666668
2161,3,3,0,61,17,24,20.333333333333332
2162,3,3,0,50,12,21,16.666666666666668
2163,3,3,0,52,12,21,17.333333333333332
2164,3,3,0,35,10,14,11.666666666666666
2165,3,3,0,49,15,18,16.333333333333332
2166,3,3,0,38,11,15,12.666666666666666
2167,3,3,0,41,11,17,13.666666666666666
2168,3,3,0,59,16,23,19.666666666666668
2169,3,3,0,34,10,14,11.333333333333334
2170,3,3,0,55,16,20,18.333333333333332
2171,3,3,0,34,10,14,11.333333333333334
2172,3,3,0,55,15,22,18.333333333333332
2173,3,3,0,57,17,21,19.0
2174,3,3,0,69,21,27,23.0
2175,3,3,0,42,11,19,14.0
2176,3,3,0,39,11,14,13.0
2177,3,3,0,50,15,19,16.666666666666668
2178,3,3,0,44,11,21,14.666666666666666
2179,3,3,0,48,13,21,16.0
2180,3,3,0,31,10,11,10.333333333333334
2181,3,3,0,50,10,21,16.666666666666668
2182,3,3,0,58,12,27,19.333333333333332
2183,3,3,0,60,19,22,20.0
2184,3,3,0,54,17,19,18.0
2185,3,3,0,52,12,21,17.333333333333332
2186,3,3,0,54,15,22,18.0
2187,3,3,0,48,8,22,16.0
2188,3,3,0,46,11,21,15.333333333333334
2189,3,3,0,43,11,18,14.333333333333334
2190,3,3,0,32,8,16,10.666666666666666
2191,3,3,0,57,14,24,19.0
2192,3,3,0,51,14,21,17.0
2193,3,3,0,45,10,22,15.0
2194,3,3,0,48,11,22,16.0
2195,3,3,0,49,11,27,16.333333333333332
2196,3,3,0,44,11,18,14.666666666666666
2197,3,3,0,43,8,19,14.333333333333334
2198,3,3,0,47,14,17,15.666666666666666
2199,3,3,0,46,8,21,15.333333333333334
2200,3,3,0,32,8,14,10.666666666666666
2201,3,3,0,36,8,17,12.0
2202,3,3,0,46,11,18,15.333333333333334
2203,3,3,0,45,8,27,15.0
2204,3,3,0,40,11,18,13.333333333333334
2205,3,3,0,60,14,27,20.0
2206,3,3,0,42,10,21,14.0
2207,3,3,0,42,12,17,14.0
2208,3,3,0,41,10,18,13.666666666666666
2209,3,3,0,42,12,16,14.0
2210,3,3,0,47,13,17,15.666666666666666
2211,3,3,0,39,10,16,13.0
2212,3,3,0,45,8,19,15.0
2213,3,3,0,59,17,24,19.666666666666668
2214,3,3,0,46,11,22,15.333333333333334
2215,3,3,0,45,11,20,15.0
2216,3,3,0,50,11,22,16.666666666666668
2217,3,3,0,49,14,18,16.333333333333332
2218,3,3,0,44,13,17,14.666666666666666
2219,3,3,0,39,8,17,13.0
2220,3,3,0,51,10,24,17.0
2221,3,3,0,41,13,14,13.666666666666666
2222,3,3,0,30,8,11,10.0
2223,3,3,0,40,12,15,13.333333333333334
2224,3,3,0,35,10,14,11.666666666666666
2225,3,3,0,38,10,17,12.666666666666666
2226,3,3,0,44,14,15,14.666666666666666
2227,3,3,0,56,17,20,18.666666666666668
2228,3,3,0,47,14,18,15.666666666666666
2229,3,3,0,48,14,18,16.0
2230,3,3,0,41,10,16,13.666666666666666
2231,3,3,0,37,10,14,12.333333333333334
2232,3,3,0,61,19,21,20.333333333333332
2233,3,3,0,53,10,24,17.666666666666668
2234,3,3,0,40,10,17,13.333333333333334
2235,3,3,0,53,11,22,17.666666666666668
2236,3,3,0,52,13,21,17.333333333333332
2237,3,3,0,48,13,21,16.0
2238,3,3,0,47,13,18,15.666666666666666
2239,3,3,0,56,16,21,18.666666666666668
2240,3,3,0,63,17,27,21.0
2241,3,3,0,39,11,16,13.0
2242,3,3,0,57,13,22,19.0
2243,3,3,0,49,10,21,16.333333333333332
2244,3,3,0,39,12,14,13.0
2245,3,3,0,47,11,20,15.666666666666666
2246,3,3,0,59,13,25,19.666666666666668
2247,3,3,0,67,18,25,22.333333333333332
2248,3,3,0,37,12,13,12.333333333333334
2249,3,3,0,44,8,19,14.666666666666666
2250,3,3,0,59,16,25,19.666666666666668
2251,3,3,0,39,10,18,13.0
2252,3,3,0,44,10,20,14.666666666666666
2253,3,3,0,63,21,21,21.0
2254,3,3,0,47,11,22,15.666666666666666
2255,3,3,0,51,13,19,17.0
2256,3,3,0,54,16,19,18.0
2257,3,3,0,41,11,16,13.666666666666666
2258,3,3,0,35,8,16,11.666666666666666
2259,3,3,0,58,16,21,19.333333333333332
2260,3,3,0,56,16,22,18.666666666666668
2261,3,3,0,44,13,17,14.666666666666666
2262,3,3,0,54,16,19,18.0
2263,3,3,0,66,17,25,22.0
2264,3,3,0,47,10,24,15.666666666666666
2265,3,3,0,51,15,21,17.0
2266,3,3,0,39,10,17,13.0
2267,3,3,0,53,17,18,17.666666666666668
2268,3,3,0,48,8,22,16.0
2269,3,3,0,41,8,19,13.666666666666666
2270,3,3,0,46,14,17,15.333333333333334
2271,3,3,0,45,13,19,15.0
2272,3,3,0,51,16,19,17.0
2273,3,3,0,43,8,19,14.333333333333334
2274,3,3,0,52,11,24,17.333333333333332
2275,3,3,0,47,12,20,15.666666666666666
2276,3,3,0,54,17,19,18.0
2277,3,3,0,40,10,18,13.333333333333334
2278,3,3,0,51,14,21,17.0
2279,3,3,0,40,10,19,13.333333333333334
2280,3,3,0,50,12,21,16.666666666666668
2281,3,3,0,43,12,16,14.333333333333334
2282,3,3,0,39,11,14,13.0
2283,3,3,0,62,16,27,20.666666666666668
2284,3,3,0,64,21,22,21.333333333333332
2285,3,3,0,34,8,14,11.333333333333334
2286,3,3,0,55,16,21,18.333333333333332
2287,3,3,0,38,8,17,12.666666666666666
2288,3,3,0,44,12,16,14.666666666666666
2289,3,3,0,37,8,19,12.333333333333334
2290,3,3,0,49,14,19,16.333333333333332
2291,3,3,0,52,10,21,17.333333333333332
2292,3,3,0,57,13,24,19.0
2293,3,3,0,44,10,18,14.666666666666666
2294,3,3,0,65,20,24,21.666666666666668
2295,3,3,0,53,14,21,17.666666666666668
2296,3,3,0,48,13,18,16.0
2297,3,3,0,64,18,25,21.333333333333332
2298,3,3,0,52,14,21,17.333333333333332
2299,3,3,0,54,15,21,18.0
2300,3,3,0,57,14,25,19.0
2301,3,3,0,43,10,17,14.333333333333334
2302,3,3,0,50,10,21,16.666666666666668
2303,3,3,0,50,14,20,16.666666666666668
2304,3,3,0,35,8,16,11.666666666666666
2305,3,3,0,33,8,14,11.0
2306,3,3,0,64,20,23,21.333333333333332
2307,3,3,0,42,10,21,14.0
2308,3,3,0,43,10,19,14.333333333333334
2309,3,3,0,42,8,17,14.0
2310,3,3,0,51,10,27,17.0
2311,3,3,0,63,18,24,21.0
2312,3,3,0,54,13,24,18.0
2313,3,3,0,38,8,16,12.666666666666666
2314,3,3,0,43,10,17,14.333333333333334
2315,3,3,0,54,13,24,18.0
2316,3,3,0,43,11,16,14.333333333333334
2317,3,3,0,48,13,22,16.0
2318,3,3,0,47,12,19,15.666666666666666
2319,3,3,0,52,16,19,17.333333333333332
2320,3,3,0,48,8,24,16.0
2321,3,3,0,45,10,19,15.0
2322,3,3,0,52,15,19,17.333333333333332
2323,3,3,0,39,8,16,13.0
2324,3,3,0,48,13,18,16.0
2325,3,3,0,54,16,19,18.0
2326,3,3,0,58,17,21,19.333333333333332
2327,3,3,0,56,15,22,18.666666666666668
2328,3,3,0,52,14,24,17.333333333333332
2329,3,3,0,52,14,19,17.333333333333332
2330,3,3,0,52,13,22,17.333333333333332
2331,3,3,0,52,12,21,17.333333333333332
2332,3,3,0,51,14,23,17.0
2333,3,3,0,44,12,20,14.666666666666666
2334,3,3,0,43,12,17,14.333333333333334
2335,3,3,0,48,12,19,16.0
2336,3,3,0,61,15,24,20.333333333333332
2337,3,3,0,57,13,22,19.0
2338,3,3,0,45,13,17,15.0
2339,3,3,0,39,8,16,13.0
2340,3,3,0,48,11,19,16.0
2341,3,3,0,55,14,25,18.333333333333332
2342,3,3,0,53,12,25,17.666666666666668
2343,3,3,0,61,16,24,20.333333333333332
2344,3,3,0,64,18,24,21.333333333333332
2345,3,3,0,44,11,17,14.666666666666666
2346,3,3,0,44,13,17,14.666666666666666
2347,3,3,0,46,13,18,15.333333333333334
2348,3,3,0,45,10,22,15.0
2349,3,3,0,53,11,24,17.666666666666668
2350,3,3,0,49,11,24,16.333333333333332
2351,3,3,0,52,13,21,17.333333333333332
2352,3,3,0,49,14,20,16.333333333333332
2353,3,3,0,57,10,27,19.0
2354,3,3,0,38,10,16,12.666666666666666
2355,3,3,0,45,12,18,15.0
2356,3,3,0,24,8,8,8.0
2357,3,3,0,52,15,19,17.333333333333332
2358,3,3,0,47,14,17,15.666666666666666
2359,3,3,0,46,8,22,15.333333333333334
2360,3,3,0,43,13,16,14.333333333333334
2361,3,3,0,49,12,22,16.333333333333332
2362,3,3,0,47,11,19,15.666666666666666
2363,3,3,0,56,13,22,18.666666666666668
2364,3,3,0,54,18,18,18.0
2365,3,3,0,54,15,20,18.0
2366,3,3,0,63,18,25,21.0
2367,3,3,0,46,13,19,15.333333333333334
2368,3,3,0,49,13,21,16.333333333333332
2369,3,3,0,46,13,20,15.333333333333334
2370,3,3,0,49,15,18,16.333333333333332
2371,3,3,0,43,12,16,14.333333333333334
2372,3,3,0,42,11,17,14.0
2373,3,3,0,50,10,22,16.666666666666668
2374,3,3,0,42,8,19,14.0
2375,3,3,0,55,15,21,18.333333333333332
2376,3,3,0,66,19,27,22.0
2377,3,3,0,51,11,21,17.0
2378,3,3,0,51,14,21,17.0
2379,3,3,0,46,10,22,15.333333333333334
2380,3,3,0,45,12,18,15.0
2381,3,3,0,56,17,21,18.666666666666668
2382,3,3,0,50,14,21,16.666666666666668
2383,3,3,0,61,15,24,20.333333333333332
2384,3,3,0,48,12,21,16.0
2385,3,3,0,48,15,17,16.0
2386,3,3,0,54,17,19,18.0
2387,3,3,0,50,14,22,16.666666666666668
2388,3,3,0,46,11,19,15.333333333333334
2389,3,3,0,41,10,18,13.666666666666666
2390,3,3,0,42,8,20,14.0
2391,3,3,0,53,11,25,17.666666666666668
2392,3,3,0,47,11,18,15.666666666666666
2393,3,3,0,53,15,20,17.666666666666668
2394,3,3,0,63,17,24,21.0
2395,3,3,0,49,13,19,16.333333333333332
2396,3,3,0,50,10,21,16.666666666666668
2397,3,3,0,43,11,17,14.333333333333334
2398,3,3,0,63,17,24,21.0
2399,3,3,0,42,12,15,14.0
2400,3,3,0,55,18,19,18.333333333333332
2401,3,3,0,52,13,21,17.333333333333332
2402,3,3,0,38,11,16,12.666666666666666
2403,3,3,0,49,14,20,16.333333333333332
2404,3,3,0,49,13,22,16.333333333333332
2405,3,3,0,57,14,22,19.0
2406,3,3,0,34,10,14,11.333333333333334
2407,3,3,0,51,15,19,17.0
2408,3,3,0,46,8,25,15.333333333333334
2409,3,3,0,50,11,20,16.666666666666668
2410,3,3,0,53,14,21,17.666666666666668
2411,3,3,0,65,17,27,21.666666666666668
2412,3,3,0,48,11,21,16.0
2413,3,3,0,61,19,21,20.333333333333332
2414,3,3,0,53,14,25,17.666666666666668
2415,3,3,0,35,8,17,11.666666666666666
2416,3,3,0,51,15,18,17.0
2417,3,3,0,62,17,27,20.666666666666668
2418,3,3,0,42,11,17,14.0
2419,3,3,0,53,11,22,17.666666666666668
2420,3,3,0,49,8,24,16.333333333333332
2421,3,3,0,39,10,18,13.0
2422,3,3,0,47,12,19,15.666666666666666
2423,3,3,0,66,17,25,22.0
2424,3,3,0,34,8,16,11.333333333333334
2425,3,3,0,52,16,20,17.333333333333332
2426,3,3,0,55,10,24,18.333333333333332
2427,3,3,0,52,15,20,17.333333333333332
2428,3,3,0,43,14,15,14.333333333333334
2429,3,3,0,57,15,24,19.0
2430,3,3,0,47,11,24,15.666666666666666
2431,3,3,0,50,10,27,16.666666666666668
2432,3,3,0,41,13,14,13.666666666666666
2433,3,3,0,37,8,16,12.333333333333334
2434,3,3,0,56,15,25,18.666666666666668
2435,3,3,0,41,10,18,13.666666666666666
2436,3,3,0,43,12,18,14.333333333333334
2437,3,3,0,48,11,21,16.0
2438,3,3,0,35,10,15,11.666666666666666
2439,3,3,0,42,14,14,14.0
2440,3,3,0,50,14,21,16.666666666666668
2441,3,3,0,45,12,17,15.0
2442,3,3,0,39,12,14,13.0
2443,3,3,0,57,14,22,19.0
2444,3,3,0,53,14,24,17.666666666666668
2445,3,3,0,39,12,14,13.0
2446,3,3,0,44,8,20,14.666666666666666
2447,3,3,0,55,15,21,18.333333333333332
2448,3,3,0,45,12,19,15.0
2449,3,3,0,32,8,16,10.666666666666666
2450,3,3,0,54,16,20,18.0
2451,3,3,0,41,11,16,13.666666666666666
2452,3,3,0,34,10,13,11.333333333333334
2453,3,3,0,44,12,19,14.666666666666666
2454,3,3,0,39,10,16,13.0
2455,3,3,0,30,8,12,10.0
2456,3,3,0,55,16,22,18.333333333333332
2457,3,3,0,42,10,21,14.0
2458,3,3,0,48,13,18,16.0
2459,3,3,0,65,18,27,21.666666666666668
2460,3,3,0,47,14,17,15.666666666666666
2461,3,3,0,61,14,27,20.333333333333332
2462,3,3,0,54,14,24,18.0
2463,3,3,0,54,14,21,18.0
2464,3,3,0,36,11,13,12.0
2465,3,3,0,48,13,22,16.0
2466,3,3,0,39,12,14,13.0
2467,3,3,0,53,16,20,17.666666666666668
2468,3,3,0,55,14,22,18.333333333333332
2469,3,3,0,54,16,21,18.0
2470,3,3,0,53,14,24,17.666666666666668
2471,3,3,0,63,17,27,21.0
2472,3,3,0,46,13,17,15.333333333333334
2473,3,3,0,50,15,18,16.666666666666668
2474,3,3,0,45,10,18,15.0
2475,3,3,0,51,13,20,17.0
2476,3,3,0,52,17,18,17.333333333333332
2477,3,3,0,45,8,22,15.0
2478,3,3,0,48,13,19,16.0
2479,3,3,0,61,18,22,20.333333333333332
2480,3,3,0,65,17,24,21.666666666666668
2481,3,3,0,47,14,18,15.666666666666666
2482,3,3,0,62,20,21,20.666666666666668
2483,3,3,0,50,12,19,16.666666666666668
2484,3,3,0,47,12,18,15.666666666666666
2485,3,3,0,52,8,23,17.333333333333332
2486,3,3,0,51,13,24,17.0
2487,3,3,0,58,10,27,19.333333333333332
2488,3,3,0,39,11,15,13.0
2489,3,3,0,47,14,18,15.666666666666666
2490,3,3,0,45,12,19,15.0
2491,3,3,0,43,11,21,14.333333333333334
2492,3,3,0,57,15,23,19.0
2493,3,3,0,35,8,19,11.666666666666666
2494,3,3,0,43,11,18,14.333333333333334
2495,3,3,0,41,8,21,13.666666666666666
2496,3,3,0,54,15,21,18.0
2497,3,3,0,43,14,15,14.333333333333334
2498,3,3,0,52,15,19,17.333333333333332
2499,3,3,0,51,16,18,17.0
2500,3,3,0,54,14,21,18.0
2501,3,3,0,40,13,14,13.333333333333334
2502,3,3,0,42,11,19,14.0
2503,3,3,0,31,10,11,10.333333333333334
2504,3,3,0,45,10,23,15.0
2505,3,3,0,52,15,21,17.333333333333332
2506,3,3,0,65,17,24,21.666666666666668
2507,3,3,0,47,8,20,15.666666666666666
2508,3,3,0,49,12,21,16.333333333333332
2509,3,3,0,48,10,22,16.0
2510,3,3,0,50,14,19,16.666666666666668
2511,3,3,0,52,13,22,17.333333333333332
2512,3,3,0,43,12,17,14.333333333333334
2513,3,3,0,46,15,16,15.333333333333334
2514,3,3,0,34,8,15,11.333333333333334
2515,3,3,0,46,11,18,15.333333333333334
2516,3,3,0,53,16,19,17.666666666666668
2517,3,3,0,45,8,19,15.0
2518,3,3,0,50,10,25,16.666666666666668
2519,3,3,0,47,10,19,15.666666666666666
2520,3,3,0,55,15,21,18.333333333333332
2521,3,3,0,29,9,10,9.666666666666666
2522,3,3,0,51,16,19,17.0
2523,3,3,0,44,11,20,14.666666666666666
2524,3,3,0,49,16,17,16.333333333333332
2525,3,3,0,46,14,16,15.333333333333334
2526,3,3,0,45,10,21,15.0
2527,3,3,0,54,12,27,18.0
2528,3,3,0,56,17,20,18.666666666666668
2529,3,3,0,51,16,18,17.0
2530,3,3,0,56,15,21,18.666666666666668
2531,3,3,0,50,14,18,16.666666666666668
2532,3,3,0,43,14,15,14.333333333333334
2533,3,3,0,46,13,18,15.333333333333334
2534,3,3,0,59,15,24,19.666666666666668
2535,3,3,0,58,13,24,19.333333333333332
2536,3,3,0,55,16,21,18.333333333333332
2537,3,3,0,38,8,17,12.666666666666666
2538,3,3,0,53,16,20,17.666666666666668
2539,3,3,0,40,10,16,13.333333333333334
2540,3,3,0,48,13,21,16.0
2541,3,3,0,61,17,24,20.333333333333332
2542,3,3,0,53,10,27,17.666666666666668
2543,3,3,0,38,11,14,12.666666666666666
2544,3,3,0,45,8,20,15.0
2545,3,3,0,50,14,19,16.666666666666668
2546,3,3,0,58,14,23,19.333333333333332
2547,3,3,0,51,16,18,17.0
2548,3,3,0,62,20,21,20.666666666666668
2549,3,3,0,55,15,24,18.333333333333332
2550,3,3,0,55,15,21,18.333333333333332
2551,3,3,0,52,14,21,17.333333333333332
2552,3,3,0,53,16,20,17.666666666666668
2553,3,3,0,49,15,18,16.333333333333332
2554,3,3,0,44,12,17,14.666666666666666
2555,3,3,0,46,14,17,15.333333333333334
2556,3,3,0,50,10,21,16.666666666666668
2557,3,3,0,42,10,19,14.0
2558,3,3,0,46,8,21,15.333333333333334
2559,3,3,0,45,13,18,15.0
2560,3,3,0,57,18,20,19.0
2561,3,3,0,43,13,16,14.333333333333334
2562,3,3,0,46,8,21,15.333333333333334
2563,3,3,0,46,12,20,15.333333333333334
2564,3,3,0,61,15,24,20.333333333333332
2565,3,3,0,42,10,20,14.0
2566,3,3,0,37,10,14,12.333333333333334
2567,3,3,0,49,11,23,16.333333333333332
2568,3,3,0,48,11,21,16.0
2569,3,3,0,49,14,18,16.333333333333332
2570,3,3,0,49,11,21,16.333333333333332
2571,3,3,0,56,17,21,18.666666666666668
2572,3,3,0,42,11,16,14.0
2573,3,3,0,49,14,19,16.333333333333332
2574,3,3,0,37,11,14,12.333333333333334
2575,3,3,0,59,17,24,19.666666666666668
2576,3,3,0,45,13,16,15.0
2577,3,3,0,50,14,21,16.666666666666668
2578,3,3,0,41,8,18,13.666666666666666
2579,3,3,0,50,13,20,16.666666666666668
2580,3,3,0,37,10,15,12.333333333333334
2581,3,3,0,44,14,15,14.666666666666666
2582,3,3,0,53,16,21,17.666666666666668
2583,3,3,0,51,14,20,17.0
2584,3,3,0,51,8,22,17.0
2585,3,3,0,51,8,24,17.0
2586,3,3,0,36,8,14,12.0
2587,3,3,0,56,16,22,18.666666666666668
2588,3,3,0,40,11,16,13.333333333333334
2589,3,3,0,47,10,24,15.666666666666666
2590,3,3,0,44,11,18,14.666666666666666
2591,3,3,0,46,8,22,15.333333333333334
2592,3,3,0,44,8,18,14.666666666666666
2593,3,3,0,50,13,22,16.666666666666668
2594,3,3,0,47,14,17,15.666666666666666
2595,3,3,0,51,15,19,17.0
2596,3,3,0,50,16,18,16.666666666666668
2597,3,3,0,43,8,24,14.333333333333334
2598,3,3,0,48,15,17,16.0
2599,3,3,0,55,14,21,18.333333333333332
2600,3,3,0,42,11,17,14.0
2601,3,3,0,45,12,18,15.0
2602,3,3,0,44,13,16,14.666666666666666
2603,3,3,0,55,17,21,18.333333333333332
2604,3,3,0,47,11,22,15.666666666666666
2605,3,3,0,45,8,21,15.0
2606,3,3,0,52,15,21,17.333333333333332
2607,3,3,0,46,14,17,15.333333333333334
2608,3,3,0,52,13,24,17.333333333333332
2609,3,3,0,44,11,21,14.666666666666666
2610,3,3,0,54,16,21,18.0
2611,3,3,0,50,13,19,16.666666666666668
2612,3,3,0,48,13,19,16.0
2613,3,3,0,48,11,24,16.0
2614,3,3,0,51,14,19,17.0
2615,3,3,0,47,10,21,15.666666666666666
2616,3,3,0,44,12,18,14.666666666666666
2617,3,3,0,52,15,21,17.333333333333332
2618,3,3,0,52,14,20,17.333333333333332
2619,3,3,0,49,12,19,16.333333333333332
2620,3,3,0,33,8,14,11.0
2621,3,3,0,59,13,24,19.666666666666668
2622,3,3,0,58,17,24,19.333333333333332
2623,3,3,0,58,18,21,19.333333333333332
2624,3,3,0,44,13,18,14.666666666666666
2625,3,3,0,53,16,20,17.666666666666668
2626,3,3,0,47,11,18,15.666666666666666
2627,3,3,0,64,18,24,21.333333333333332
2628,3,3,0,56,18,19,18.666666666666668
2629,3,3,0,52,13,22,17.333333333333332
2630,3,3,0,44,8,21,14.666666666666666
2631,3,3,0,55,11,25,18.333333333333332
2632,3,3,0,50,10,25,16.666666666666668
2633,3,3,0,41,10,16,13.666666666666666
2634,3,3,0,58,18,21,19.333333333333332
2635,3,3,0,43,12,17,14.333333333333334
2636,3,3,0,49,12,22,16.333333333333332
2637,3,3,0,46,13,19,15.333333333333334
2638,3,3,0,40,12,14,13.333333333333334
2639,3,3,0,46,12,21,15.333333333333334
2640,3,3,0,52,16,19,17.333333333333332
2641,3,3,0,68,19,27,22.666666666666668
2642,3,3,0,43,8,19,14.333333333333334
2643,3,3,0,43,10,18,14.333333333333334
2644,3,3,0,50,11,20,16.666666666666668
2645,3,3,0,61,17,23,20.333333333333332
2646,3,3,0,50,13,20,16.666666666666668
2647,3,3,0,51,16,18,17.0
2648,3,3,0,44,10,18,14.666666666666666
2649,3,3,0,48,8,27,16.0
2650,3,3,0,39,8,19,13.0
2651,3,3,0,35,8,14,11.666666666666666
2652,3,3,0,47,12,21,15.666666666666666
2653,3,3,0,55,16,20,18.333333333333332
2654,3,3,0,53,14,24,17.666666666666668
2655,3,3,0,32,8,16,10.666666666666666
2656,3,3,0,52,15,19,17.333333333333332
2657,3,3,0,62,20,21,20.666666666666668
2658,3,3,0,61,17,22,20.333333333333332
2659,3,3,0,50,15,19,16.666666666666668
2660,3,3,0,49,13,21,16.333333333333332
2661,3,3,0,57,16,23,19.0
2662,3,3,0,58,13,24,19.333333333333332
2663,3,3,0,56,17,21,18.666666666666668
2664,3,3,0,45,10,24,15.0
2665,3,3,0,50,8,24,16.666666666666668
2666,3,3,0,45,10,24,15.0
2667,3,3,0,59,18,22,19.666666666666668
2668,3,3,0,56,17,22,18.666666666666668
2669,3,3,0,52,13,20,17.333333333333332
2670,3,3,0,39,10,19,13.0
2671,3,3,0,49,11,24,16.333333333333332
2672,3,3,0,49,12,19,16.333333333333332
2673,3,3,0,33,8,15,11.0
2674,3,3,0,50,12,24,16.666666666666668
2675,3,3,0,47,14,18,15.666666666666666
2676,3,3,0,41,11,18,13.666666666666666
2677,3,3,0,54,15,22,18.0
2678,3,3,0,47,10,19,15.666666666666666
2679,3,3,0,48,11,19,16.0
2680,3,3,0,35,8,16,11.666666666666666
2681,3,3,0,52,10,21,17.333333333333332
2682,3,3,0,60,18,24,20.0
2683,3,3,0,51,16,19,17.0
2684,3,3,0,53,11,21,17.666666666666668
2685,3,3,0,52,13,22,17.333333333333332
2686,3,3,0,40,8,17,13.333333333333334
2687,3,3,0,48,8,21,16.0
2688,3,3,0,52,14,22,17.333333333333332
2689,3,3,0,47,12,20,15.666666666666666
2690,3,3,0,49,11,19,16.333333333333332
2691,3,3,0,43,10,21,14.333333333333334
2692,3,3,0,40,11,18,13.333333333333334
2693,3,3,0,35,8,16,11.666666666666666
2694,3,3,0,56,15,24,18.666666666666668
2695,3,3,0,46,15,16,15.333333333333334
2696,3,3,0,32,8,13,10.666666666666666
2697,3,3,0,48,8,21,16.0
2698,3,3,0,63,17,24,21.0
2699,3,3,0,48,11,19,16.0
2700,3,3,0,45,12,18,15.0
2701,3,3,0,60,19,21,20.0
2702,3,3,0,54,13,25,18.0
2703,3,3,0,48,10,19,16.0
2704,3,3,0,47,11,22,15.666666666666666
2705,3,3,0,48,11,22,16.0
2706,3,3,0,49,12,21,16.333333333333332
2707,3,3,0,47,14,17,15.666666666666666
2708,3,3,0,49,10,21,16.333333333333332
2709,3,3,0,51,11,24,17.0
2710,3,3,0,49,13,21,16.333333333333332
2711,3,3,0,37,8,15,12.333333333333334
2712,3,3,0,52,13,24,17.333333333333332
2713,3,3,0,36,10,15,12.0
2714,3,3,0,46,8,19,15.333333333333334
2715,3,3,0,49,13,19,16.333333333333332
2716,3,3,0,42,10,18,14.0
2717,3,3,0,41,11,18,13.666666666666666
2718,3,3,0,51,8,24,17.0
2719,3,3,0,43,12,17,14.333333333333334
2720,3,3,0,49,13,21,16.333333333333332
2721,3,3,0,51,11,21,17.0
2722,3,3,0,48,14,17,16.0
2723,3,3,0,41,12,17,13.666666666666666
2724,3,3,0,42,8,18,14.0
2725,3,3,0,60,17,22,20.0
2726,3,3,0,48,11,19,16.0
2727,3,3,0,46,13,20,15.333333333333334
2728,3,3,0,50,13,21,16.666666666666668
2729,3,3,0,48,11,21,16.0
2730,3,3,0,42,10,22,14.0
2731,3,3,0,59,16,22,19.666666666666668
2732,3,3,0,56,14,24,18.666666666666668
2733,3,3,0,46,13,19,15.333333333333334
2734,3,3,0,41,8,18,13.666666666666666
2735,3,3,0,45,8,25,15.0
2736,3,3,0,42,8,24,14.0
2737,3,3,0,51,16,18,17.0
2738,3,3,0,53,14,24,17.666666666666668
2739,3,3,0,45,8,21,15.0
2740,3,3,0,48,11,20,16.0
2741,3,3,0,54,16,19,18.0
2742,3,3,0,41,10,18,13.666666666666666
2743,3,3,0,48,14,18,16.0
2744,3,3,0,46,8,22,15.333333333333334
2745,3,3,0,43,13,16,14.333333333333334
2746,3,3,0,48,11,20,16.0
2747,3,3,0,57,16,22,19.0
2748,3,3,0,40,8,16,13.333333333333334
2749,3,3,0,51,14,21,17.0
2750,3,3,0,46,14,18,15.333333333333334
2751,3,3,0,40,11,17,13.333333333333334
2752,3,3,0,52,16,19,17.333333333333332
2753,3,3,0,31,8,12,10.333333333333334
2754,3,3,0,48,11,22,16.0
2755,3,3,0,49,11,21,16.333333333333332
2756,3,3,0,50,12,20,16.666666666666668
2757,3,3,0,46,11,19,15.333333333333334
2758,3,3,0,42,10,17,14.0
2759,3,3,0,47,14,19,15.666666666666666
2760,3,3,0,46,12,18,15.333333333333334
2761,3,3,0,35,8,15,11.666666666666666
2762,3,3,0,56,16,24,18.666666666666668
2763,3,3,0,48,13,21,16.0
2764,3,3,0,68,21,24,22.666666666666668
2765,3,3,0,46,8,21,15.333333333333334
2766,3,3,0,37,8,18,12.333333333333334
2767,3,3,0,41,10,21,13.666666666666666
2768,3,3,0,38,10,17,12.666666666666666
2769,3,3,0,55,12,22,18.333333333333332
2770,3,3,0,51,16,18,17.0
2771,3,3,0,48,11,20,16.0
2772,3,3,0,40,11,15,13.333333333333334
2773,3,3,0,45,10,21,15.0
2774,3,3,0,46,11,19,15.333333333333334
2775,3,3,0,46,10,19,15.333333333333334
2776,3,3,0,46,13,19,15.333333333333334
2777,3,3,0,58,14,24,19.333333333333332
2778,3,3,0,54,13,27,18.0
2779,3,3,0,39,8,20,13.0
2780,3,3,0,49,14,18,16.333333333333332
2781,3,3,0,48,12,21,16.0
2782,3,3,0,40,11,17,13.333333333333334
2783,3,3,0,45,10,18,15.0
2784,3,3,0,45,14,16,15.0
2785,3,3,0,46,10,21,15.333333333333334
2786,3,3,0,52,13,20,17.333333333333332
2787,3,3,0,43,12,19,14.333333333333334
2788,3,3,0,51,14,19,17.0
2789,3,3,0,48,14,17,16.0
2790,3,3,0,38,10,14,12.666666666666666
2791,3,3,0,49,10,20,16.333333333333332
2792,3,3,0,44,10,18,14.666666666666666
2793,3,3,0,55,16,22,18.333333333333332
2794,3,3,0,45,12,17,15.0
2795,3,3,0,38,12,13,12.666666666666666
2796,3,3,0,40,13,14,13.333333333333334
2797,3,3,0,37,10,14,12.333333333333334
2798,3,3,0,50,10,24,16.666666666666668
2799,3,3,0,36,11,14,12.0
2800,3,3,0,45,10,21,15.0
2801,3,3,0,57,14,24,19.0
2802,3,3,0,62,17,23,20.666666666666668
2803,3,3,0,60,12,27,20.0
2804,3,3,0,64,16,24,21.333333333333332
2805,3,3,0,56,18,19,18.666666666666668
2806,3,3,0,39,8,19,13.0
2807,3,3,0,56,15,21,18.666666666666668
2808,3,3,0,60,19,21,20.0
2809,3,3,0,49,14,19,16.333333333333332
2810,3,3,0,61,13,24,20.333333333333332
2811,3,3,0,51,13,19,17.0
2812,3,3,0,49,14,20,16.333333333333332
2813,3,3,0,68,21,24,22.666666666666668
2814,3,3,0,54,15,22,18.0
2815,3,3,0,50,15,19,16.666666666666668
2816,3,3,0,51,12,25,17.0
2817,3,3,0,48,13,21,16.0
2818,3,3,0,68,20,27,22.666666666666668
2819,3,3,0,51,13,21,17.0
2820,3,3,0,50,15,19,16.666666666666668
2821,3,3,0,42,12,18,14.0
2822,3,3,0,51,15,18,17.0
2823,3,3,0,51,14,21,17.0
2824,3,3,0,49,14,19,16.333333333333332
2825,3,3,0,48,12,20,16.0
2826,3,3,0,32,8,16,10.666666666666666
2827,3,3,0,40,10,15,13.333333333333334
2828,3,3,0,53,15,20,17.666666666666668
2829,3,3,0,44,14,16,14.666666666666666
2830,3,3,0,40,10,16,13.333333333333334
2831,3,3,0,55,16,20,18.333333333333332
2832,3,3,0,34,8,14,11.333333333333334
2833,3,3,0,49,14,19,16.333333333333332
2834,3,3,0,47,10,24,15.666666666666666
2835,3,3,0,48,10,20,16.0
2836,3,3,0,41,8,21,13.666666666666666
2837,3,3,0,43,10,17,14.333333333333334
2838,3,3,0,43,8,19,14.333333333333334
2839,3,3,0,31,8,13,10.333333333333334
2840,3,3,0,45,8,20,15.0
2841,3,3,0,42,10,19,14.0
2842,3,3,0,47,8,24,15.666666666666666
2843,3,3,0,38,10,15,12.666666666666666
2844,3,3,0,42,12,16,14.0
2845,3,3,0,52,16,19,17.333333333333332
2846,3,3,0,55,10,24,18.333333333333332
2847,3,3,0,55,14,25,18.333333333333332
2848,3,3,0,55,13,22,18.333333333333332
2849,3,3,0,53,14,22,17.666666666666668
2850,3,3,0,46,14,18,15.333333333333334
2851,3,3,0,41,8,18,13.666666666666666
2852,3,3,0,58,13,24,19.333333333333332
2853,3,3,0,53,16,20,17.666666666666668
2854,3,3,0,47,13,20,15.666666666666666
2855,3,3,0,53,17,18,17.666666666666668
2856,3,3,0,35,8,16,11.666666666666666
2857,3,3,0,37,8,15,12.333333333333334
2858,3,3,0,40,10,18,13.333333333333334
2859,3,3,0,56,16,22,18.666666666666668
2860,3,3,0,57,15,21,19.0
2861,3,3,0,33,10,13,11.0
2862,3,3,0,50,16,17,16.666666666666668
2863,3,3,0,45,12,20,15.0
2864,3,3,0,58,17,21,19.333333333333332
2865,3,3,0,48,14,19,16.0
2866,3,3,0,40,10,16,13.333333333333334
2867,3,3,0,41,11,18,13.666666666666666
2868,3,3,0,39,11,17,13.0
2869,3,3,0,54,12,23,18.0
2870,3,3,0,73,22,27,24.333333333333332
2871,3,3,0,52,12,21,17.333333333333332
2872,3,3,0,41,10,19,13.666666666666666
2873,3,3,0,50,16,17,16.666666666666668
2874,3,3,0,56,13,22,18.666666666666668
2875,3,3,0,51,13,22,17.0
2876,3,3,0,32,8,14,10.666666666666666
2877,3,3,0,54,15,22,18.0
2878,3,3,0,44,10,20,14.666666666666666
2879,3,3,0,61,16,24,20.333333333333332
2880,3,3,0,55,16,22,18.333333333333332
2881,3,3,0,36,8,16,12.0
2882,3,3,0,53,11,24,17.666666666666668
2883,3,3,0,53,14,20,17.666666666666668
2884,3,3,0,39,8,19,13.0
2885,3,3,0,57,14,22,19.0
2886,3,3,0,47,12,19,15.666666666666666
2887,3,3,0,50,13,21,16.666666666666668
2888,3,3,0,61,13,27,20.333333333333332
2889,3,3,0,45,14,16,15.0
2890,3,3,0,56,14,24,18.666666666666668
2891,3,3,0,59,14,23,19.666666666666668
2892,3,3,0,57,16,24,19.0
2893,3,3,0,38,8,16,12.666666666666666
2894,3,3,0,36,8,17,12.0
2895,3,3,0,50,10,23,16.666666666666668
2896,3,3,0,50,16,17,16.666666666666668
2897,3,3,0,64,18,24,21.333333333333332
2898,3,3,0,48,14,17,16.0
2899,3,3,0,49,14,19,16.333333333333332
2900,3,3,0,43,10,17,14.333333333333334
2901,3,3,0,37,8,16,12.333333333333334
2902,3,3,0,48,11,21,16.0
2903,3,3,0,61,18,24,20.333333333333332
2904,3,3,0,37,9,18,12.333333333333334
2905,3,3,0,56,18,19,18.666666666666668
2906,3,3,0,43,11,19,14.333333333333334
2907,3,3,0,60,14,25,20.0
2908,3,3,0,45,11,21,15.0
2909,3,3,0,38,10,16,12.666666666666666
2910,3,3,0,53,15,22,17.666666666666668
2911,3,3,0,45,13,17,15.0
2912,3,3,0,37,11,14,12.333333333333334
2913,3,3,0,43,11,18,14.333333333333334
2914,3,3,0,39,10,15,13.0
2915,3,3,0,65,16,25,21.666666666666668
2916,3,3,0,46,11,20,15.333333333333334
2917,3,3,0,48,13,21,16.0
2918,3,3,0,49,14,21,16.333333333333332
2919,3,3,0,45,12,21,15.0
2920,3,3,0,64,13,27,21.333333333333332
2921,3,3,0,41,11,17,13.666666666666666
2922,3,3,0,45,13,17,15.0
2923,3,3,0,48,15,17,16.0
2924,3,3,0,46,12,18,15.333333333333334
2925,3,3,0,36,10,15,12.0
2926,3,3,0,58,18,21,19.333333333333332
2927,3,3,0,63,18,24,21.0
2928,3,3,0,47,15,16,15.666666666666666
2929,3,3,0,55,15,22,18.333333333333332
2930,3,3,0,57,14,25,19.0
2931,3,3,0,43,12,19,14.333333333333334
2932,3,3,0,51,10,24,17.0
2933,3,3,0,67,21,25,22.333333333333332
2934,3,3,0,44,11,19,14.666666666666666
2935,3,3,0,46,10,18,15.333333333333334
2936,3,3,0,44,8,20,14.666666666666666
2937,3,3,0,54,17,19,18.0
2938,3,3,0,46,11,20,15.333333333333334
2939,3,3,0,39,8,16,13.0
2940,3,3,0,50,11,20,16.666666666666668
2941,3,3,0,47,13,20,15.666666666666666
2942,3,3,0,57,16,22,19.0
2943,3,3,0,42,11,17,14.0
2944,3,3,0,55,14,21,18.333333333333332
2945,3,3,0,50,15,19,16.666666666666668
2946,3,3,0,48,11,20,16.0
2947,3,3,0,48,12,19,16.0
2948,3,3,0,46,11,24,15.333333333333334
2949,3,3,0,51,11,20,17.0
2950,3,3,0,43,11,17,14.333333333333334
2951,3,3,0,47,12,18,15.666666666666666
2952,3,3,0,40,11,16,13.333333333333334
2953,3,3,0,44,10,19,14.666666666666666
2954,3,3,0,50,15,18,16.666666666666668
2955,3,3,0,45,13,18,15.0
2956,3,3,0,48,8,23,16.0
2957,3,3,0,37,11,15,12.333333333333334
2958,3,3,0,46,10,22,15.333333333333334
2959,3,3,0,43,8,22,14.333333333333334
2960,3,3,0,34,8,14,11.333333333333334
2961,3,3,0,46,10,19,15.333333333333334
2962,3,3,0,39,8,20,13.0
2963,3,3,0,52,13,22,17.333333333333332
2964,3,3,0,33,11,11,11.0
2965,3,3,0,44,13,16,14.666666666666666
2966,3,3,0,53,15,22,17.666666666666668
2967,3,3,0,54,11,25,18.0
2968,3,3,0,48,8,21,16.0
2969,3,3,0,46,11,18,15.333333333333334
2970,3,3,0,40,10,17,13.333333333333334
2971,3,3,0,55,16,22,18.333333333333332
2972,3,3,0,45,11,18,15.0
2973,3,3,0,38,11,15,12.666666666666666
2974,3,3,0,61,16,24,20.333333333333332
2975,3,3,0,54,11,25,18.0
2976,3,3,0,55,18,19,18.333333333333332
2977,3,3,0,51,14,22,17.0
2978,3,3,0,43,10,22,14.333333333333334
2979,3,3,0,38,11,16,12.666666666666666
2980,3,3,0,53,15,21,17.666666666666668
2981,3,3,0,53,15,19,17.666666666666668
2982,3,3,0,47,14,17,15.666666666666666
2983,3,3,0,60,16,27,20.0
2984,3,3,0,43,12,18,14.333333333333334
2985,3,3,0,37,10,14,12.333333333333334
2986,3,3,0,52,14,22,17.333333333333332
2987,3,3,0,51,15,19,17.0
2988,3,3,0,46,8,22,15.333333333333334
2989,3,3,0,41,8,18,13.666666666666666
2990,3,3,0,39,9,16,13.0
2991,3,3,0,47,11,19,15.666666666666666
2992,3,3,0,50,12,24,16.666666666666668
2993,3,3,0,45,14,17,15.0
2994,3,3,0,47,14,18,15.666666666666666
2995,3,3,0,47,14,18,15.666666666666666
2996,3,3,0,47,10,20,15.666666666666666
2997,3,3,0,43,8,20,14.333333333333334
2998,3,3,0,43,10,18,14.333333333333334
2999,3,3,0,53,16,19,17.666666666666668
